constant_loss,events,fitness,index,initial_flow_area_ratio,initial_loss,mean_abs_peak_lag_hours,mean_nse,mean_peak_relative_error,recession_factor,returncode,seconds,status,storage_min,tc_min
0.25,1.0,-0.2849269698,1,0.001,2.5,7.0,-0.039141192,0.878928889,0.7,0,2.333,ok,15.0,15.0
0.25,1.0,-0.2851106842,2,0.0025,2.5,7.0,-0.0393002281,0.8790522807,0.7,0,2.483,ok,15.0,15.0
0.25,1.0,-0.3148947257,3,0.001,2.5,7.0,-0.0689667613,0.8796398218,0.8,0,2.512,ok,15.0,15.0
0.25,1.0,-0.3151934781,4,0.0025,2.5,7.0,-0.0692277639,0.879828571,0.8,0,2.287,ok,15.0,15.0
0.25,1.0,0.7035483369,5,0.001,2.5,5.0,0.8138542699,0.3015296648,0.7,0,2.466,ok,30.0,15.0
0.25,1.0,0.7034752368,6,0.0025,2.5,5.0,0.8138343642,0.3017956371,0.7,0,2.335,ok,30.0,15.0
0.25,1.0,0.6963337722,7,0.001,2.5,5.0,0.8066810925,0.3017366011,0.8,0,2.493,ok,30.0,15.0
0.25,1.0,0.6960574092,8,0.0025,2.5,5.0,0.8065200048,0.3023129778,0.8,0,2.235,ok,30.0,15.0
0.25,1.0,0.0085780901,9,0.001,2.5,4.0,0.1999165931,0.756692515,0.7,0,2.503,ok,15.0,20.0
0.25,1.0,0.0082457965,10,0.0025,2.5,4.0,0.1996367093,0.7569545638,0.7,0,2.236,ok,15.0,20.0
0.25,1.0,-0.018005566,11,0.001,2.5,4.0,0.1733741361,0.7568985109,0.8,0,2.249,ok,15.0,20.0
0.25,1.0,-0.0188107223,12,0.0025,2.5,4.0,0.1726831884,0.7574695536,0.8,0,2.512,ok,15.0,20.0
0.25,1.0,0.7833258318,13,0.001,2.5,1.0,0.8411943087,0.2393423844,0.7,0,2.196,ok,30.0,20.0
0.25,1.0,0.7833057205,14,0.0025,2.5,1.0,0.8412243218,0.2395930066,0.7,0,2.514,ok,30.0,20.0
0.25,1.0,0.7782361314,15,0.001,2.5,1.0,0.8361452366,0.2395455261,0.8,0,2.183,ok,30.0,20.0
0.25,1.0,0.7780410468,16,0.0025,2.5,1.0,0.8360612189,0.2401008608,0.8,0,2.462,ok,30.0,20.0
0.25,1.0,0.2217941532,17,0.001,2.5,2.0,0.3723104462,0.652581465,0.7,0,2.201,ok,15.0,25.0
0.25,1.0,0.221533889,18,0.0025,2.5,2.0,0.3721010569,0.6528358396,0.7,0,2.516,ok,15.0,25.0
0.25,1.0,0.1928206401,19,0.001,2.5,2.0,0.3433777528,0.6527855634,0.8,0,2.242,ok,15.0,25.0
0.25,1.0,0.1921285,20,0.0025,2.5,2.0,0.3427977171,0.6533460854,0.8,0,2.497,ok,15.0,25.0
0.25,1.0,0.7785137555,21,0.001,2.5,1.0,0.8254798406,0.1848304251,0.7,0,2.223,ok,30.0,25.0
0.25,1.0,0.7785467278,22,0.0025,2.5,1.0,0.8255614693,0.1850737077,0.7,0,2.501,ok,30.0,25.0
0.25,1.0,0.7750926465,23,0.001,2.5,1.0,0.8220989743,0.1850316391,0.8,0,2.238,ok,30.0,25.0
0.25,1.0,0.7749794794,24,0.0025,2.5,1.0,0.8220948279,0.1855767426,0.8,0,2.267,ok,30.0,25.0
0.25,1.0,0.3502112209,25,0.001,2.5,1.0,0.4704800161,0.5513439762,0.7,0,2.58,ok,15.0,30.0
0.25,1.0,0.3500260186,26,0.0025,2.5,1.0,0.4703434703,0.5515872587,0.7,0,2.234,ok,15.0,30.0
0.25,1.0,0.3244542529,27,0.001,2.5,1.0,0.4447632909,0.5515451902,0.8,0,1.994,ok,15.0,30.0
0.25,1.0,0.3238852319,28,0.0025,2.5,1.0,0.4443032907,0.5520902937,0.8,0,2.208,ok,15.0,30.0
0.25,1.0,0.7043299314,29,0.001,2.5,4.0,0.7715888735,0.1362947102,0.7,0,2.585,ok,30.0,30.0
0.25,1.0,0.7044155972,30,0.0025,2.5,4.0,0.7717210741,0.1365273844,0.7,0,2.224,ok,30.0,30.0
0.25,1.0,0.7024695549,31,0.001,2.5,4.0,0.7697681549,0.1364930001,0.8,0,2.508,ok,30.0,30.0
0.25,1.0,0.702438362,32,0.0025,2.5,4.0,0.7698429838,0.1370231091,0.8,0,2.204,ok,30.0,30.0
0.5,1.0,-0.1391002006,33,0.001,2.5,7.0,0.0931765652,0.8113838293,0.7,0,2.487,ok,15.0,15.0
0.5,1.0,-0.1392007698,34,0.0025,2.5,7.0,0.0930970454,0.8114890764,0.7,0,2.241,ok,15.0,15.0
0.5,1.0,-0.1639646012,35,0.001,2.5,7.0,0.0685496985,0.8125714984,0.8,0,2.357,ok,15.0,15.0
0.5,1.0,-0.1641461304,36,0.0025,2.5,7.0,0.068400862,0.8127349621,0.8,0,2.249,ok,15.0,15.0
0.5,1.0,0.746108057,37,0.001,2.5,5.0,0.845673528,0.2478273552,0.7,0,2.222,ok,30.0,15.0
0.5,1.0,0.746175459,38,0.0025,2.5,5.0,0.8457941245,0.2480933275,0.7,0,2.486,ok,30.0,15.0
0.5,1.0,0.7403957496,39,0.001,2.5,5.0,0.8400026079,0.2480342915,0.8,0,2.217,ok,30.0,15.0
0.5,1.0,0.7404040542,40,0.0025,2.5,5.0,0.8401261878,0.2486106683,0.8,0,2.535,ok,30.0,15.0
0.5,1.0,0.1378387185,41,0.001,2.5,4.0,0.3158631781,0.6901222979,0.7,0,2.263,ok,15.0,20.0
0.5,1.0,0.1376562956,42,0.0025,2.5,4.0,0.3157331649,0.6903843467,0.7,0,2.458,ok,15.0,20.0
0.5,1.0,0.1163429309,43,0.001,2.5,4.0,0.2944085896,0.6903282938,0.8,0,2.283,ok,15.0,20.0
0.5,1.0,0.1158333295,44,0.0025,2.5,4.0,0.2940131967,0.6908993364,0.8,0,2.274,ok,15.0,20.0
0.5,1.0,0.8103735722,45,0.001,2.5,2.0,0.8677364639,0.1868144582,0.7,0,2.57,ok,30.0,20.0
0.5,1.0,0.8104912614,46,0.0025,2.5,2.0,0.8679050279,0.1870688327,0.7,0,2.23,ok,30.0,20.0
0.5,1.0,0.806411831,47,0.001,2.5,2.0,0.8638155423,0.1870185565,0.8,0,2.491,ok,30.0,20.0
0.5,1.0,0.8064984216,48,0.0025,2.5,2.0,0.8640142373,0.1875790786,0.8,0,2.284,ok,30.0,20.0
0.5,1.0,0.3365643891,49,0.001,2.5,2.0,0.474261644,0.5884862746,0.7,0,2.577,ok,15.0,25.0
0.5,1.0,0.3364518123,50,0.0025,2.5,2.0,0.4741999421,0.5887406491,0.7,0,2.334,ok,15.0,25.0
0.5,1.0,0.3123954945,51,0.001,2.5,2.0,0.4501335691,0.5886903729,0.8,0,2.294,ok,15.0,25.0
0.5,1.0,0.3119971453,52,0.0025,2.5,2.0,0.4498473243,0.589250895,0.8,0,2.227,ok,15.0,25.0
0.5,1.0,0.8112831153,53,0.001,2.5,1.0,0.848034492,0.1337568837,0.7,0,2.516,ok,30.0,25.0
0.5,1.0,0.8114523338,54,0.0025,2.5,1.0,0.8482523671,0.1340001662,0.7,0,2.254,ok,30.0,25.0
0.5,1.0,0.8086797904,55,0.001,2.5,1.0,0.8454714099,0.1339580977,0.8,0,2.594,ok,30.0,25.0
0.5,1.0,0.8088469241,56,0.0025,2.5,1.0,0.8457475643,0.1345032012,0.8,0,2.24,ok,30.0,25.0
0.5,1.0,0.4516623471,57,0.001,2.5,1.0,0.5595787837,0.4895821833,0.7,0,2.193,ok,15.0,30.0
0.5,1.0,0.4516218598,58,0.0025,2.5,1.0,0.559586953,0.4898254658,0.7,0,2.505,ok,15.0,30.0
0.5,1.0,0.4302564439,59,0.001,2.5,1.0,0.5382131234,0.4897833972,0.8,0,2.245,ok,15.0,30.0
0.5,1.0,0.4299780228,60,0.0025,2.5,1.0,0.5380437229,0.4903285007,0.8,0,2.489,ok,15.0,30.0
0.5,1.0,0.7341466659,61,0.001,2.5,4.0,0.7914742141,0.0866377411,0.7,0,2.278,ok,30.0,30.0
0.5,1.0,0.7343660636,62,0.0025,2.5,4.0,0.7917401467,0.0868704153,0.7,0,2.513,ok,30.0,30.0
0.5,1.0,0.732790095,63,0.001,2.5,4.0,0.7901573012,0.086836031,0.8,0,2.241,ok,30.0,30.0
0.5,1.0,0.7330362889,64,0.0025,2.5,4.0,0.7905095169,0.08736614,0.8,0,2.499,ok,30.0,30.0
0.75,1.0,-0.0122113814,65,0.001,2.5,7.0,0.2065454132,0.7437839732,0.7,0,2.259,ok,15.0,15.0
0.75,1.0,-0.0122549519,66,0.0025,2.5,7.0,0.206521479,0.7438821545,0.7,0,2.536,ok,15.0,15.0
0.75,1.0,-0.0316946414,67,0.001,2.5,7.0,0.1873468883,0.7452076487,0.8,0,2.222,ok,15.0,15.0
0.75,1.0,-0.0317932581,68,0.0025,2.5,7.0,0.1872790029,0.7453613049,0.8,0,2.48,ok,15.0,15.0
0.75,1.0,0.7739401036,69,0.001,2.5,5.0,0.8629122099,0.1948605317,0.7,0,2.251,ok,30.0,15.0
0.75,1.0,0.7741396875,70,0.0025,2.5,5.0,0.8631649883,0.195126504,0.7,0,2.212,ok,30.0,15.0
0.75,1.0,0.7696377015,71,0.001,2.5,5.0,0.8586511951,0.195067468,0.8,0,2.289,ok,30.0,15.0
0.75,1.0,0.7699158507,72,0.0025,2.5,5.0,0.8590446197,0.1956438448,0.8,0,2.191,ok,30.0,15.0
0.75,1.0,0.2479823215,73,0.001,2.5,4.0,0.4127396622,0.6237867037,0.7,0,2.504,ok,15.0,20.0
0.75,1.0,0.2479417393,74,0.0025,2.5,4.0,0.4127514898,0.6240487525,0.7,0,2.303,ok,15.0,20.0
0.75,1.0,0.2312643407,75,0.001,2.5,4.0,0.3960628806,0.6239926996,0.8,0,2.498,ok,15.0,20.0
0.75,1.0,0.2310365229,76,0.0025,2.5,4.0,0.3959492713,0.6245637423,0.8,0,2.255,ok,15.0,20.0
0.75,1.0,0.8331025727,77,0.001,2.5,2.0,0.8801251061,0.1351126671,0.7,0,2.499,ok,30.0,20.0
0.75,1.0,0.8333505534,78,0.0025,2.5,2.0,0.8804239618,0.1353670417,0.7,0,2.239,ok,30.0,20.0
0.75,1.0,0.8301992895,79,0.001,2.5,2.0,0.8772626426,0.1353167655,0.8,0,2.281,ok,30.0,20.0
0.75,1.0,0.8305539384,80,0.0025,2.5,2.0,0.8777293959,0.1358772875,0.8,0,2.468,ok,30.0,20.0
0.75,1.0,0.4328687472,81,0.001,2.5,2.0,0.5577968594,0.5246405611,0.7,0,2.232,ok,15.0,25.0
0.75,1.0,0.4328958284,82,0.0025,2.5,2.0,0.5578748155,0.5248949357,0.7,0,2.475,ok,15.0,25.0
0.75,1.0,0.4132065438,83,0.001,2.5,2.0,0.5381754757,0.5248446594,0.8,0,2.243,ok,15.0,25.0
0.75,1.0,0.4130881158,84,0.0025,2.5,2.0,0.5381691521,0.5254051815,0.8,0,2.491,ok,15.0,25.0
0.75,1.0,0.8302348047,85,0.001,2.5,1.0,0.8569155445,0.0834036992,0.7,0,2.232,ok,30.0,25.0
0.75,1.0,0.8305319435,86,0.0025,2.5,1.0,0.8572613399,0.0836469818,0.7,0,2.526,ok,30.0,25.0
0.75,1.0,0.8283992686,87,0.001,2.5,1.0,0.8551202512,0.0836049132,0.8,0,2.239,ok,30.0,25.0
0.75,1.0,0.8288317689,88,0.0025,2.5,1.0,0.8556617722,0.0841500167,0.8,0,2.469,ok,30.0,25.0
0.75,1.0,0.5353967561,89,0.001,2.5,1.0,0.6310107623,0.428070031,0.7,0,2.23,ok,15.0,30.0
0.75,1.0,0.5354929589,90,0.0025,2.5,1.0,0.6311556216,0.4283133135,0.7,0,2.615,ok,15.0,30.0
0.75,1.0,0.5180661207,91,0.001,2.5,1.0,0.6137203697,0.428271245,0.8,0,1.991,ok,15.0,30.0
0.75,1.0,0.5180643119,92,0.0025,2.5,1.0,0.6138275816,0.4288163485,0.8,0,2.292,ok,15.0,30.0
0.75,1.0,0.7506442614,93,0.001,2.5,4.0,0.7981833575,0.0376954805,0.7,0,2.509,ok,30.0,30.0
0.75,1.0,0.7509890341,94,0.0025,2.5,4.0,0.7985746651,0.0379281547,0.7,0,2.215,ok,30.0,30.0
0.75,1.0,0.7497646696,95,0.001,2.5,4.0,0.7973434237,0.0378937704,0.8,0,2.598,ok,30.0,30.0
0.75,1.0,0.7502731654,96,0.0025,2.5,4.0,0.7979579413,0.0384238795,0.8,0,2.214,ok,30.0,30.0
0.25,1.0,-0.2845506085,97,0.001,5.0,7.0,-0.0388149539,0.878678273,0.7,0,2.475,ok,15.0,15.0
0.25,1.0,-0.2847348854,98,0.0025,5.0,7.0,-0.0389742889,0.8788029821,0.7,0,2.186,ok,15.0,15.0
0.25,1.0,-0.3141680175,99,0.001,5.0,7.0,-0.0683311619,0.8791842783,0.8,0,2.524,ok,15.0,15.0
0.25,1.0,-0.3145041661,100,0.0025,5.0,7.0,-0.0686247708,0.8793969768,0.8,0,2.268,ok,15.0,15.0
0.25,1.0,0.7032547814,101,0.001,5.0,5.0,0.8134698801,0.3010754937,0.7,0,2.214,ok,30.0,15.0
0.25,1.0,0.7031899752,102,0.0025,5.0,5.0,0.8134582684,0.301341466,0.7,0,2.494,ok,30.0,15.0
0.25,1.0,0.6960525875,103,0.001,5.0,5.0,0.8063090735,0.30128243,0.8,0,2.182,ok,30.0,15.0
0.25,1.0,0.6957901141,104,0.0025,5.0,5.0,0.8061618755,0.3018588068,0.8,0,2.465,ok,30.0,15.0
0.25,1.0,0.00856992,105,0.001,5.0,4.0,0.199908423,0.756692515,0.7,0,2.223,ok,15.0,20.0
0.25,1.0,0.0082389986,106,0.0025,5.0,4.0,0.1996299113,0.7569545638,0.7,0,2.498,ok,15.0,20.0
0.25,1.0,-0.0180132256,107,0.001,5.0,4.0,0.1733664766,0.7568985109,0.8,0,2.216,ok,15.0,20.0
0.25,1.0,-0.0188162439,108,0.0025,5.0,4.0,0.1726776668,0.7574695536,0.8,0,2.53,ok,15.0,20.0
0.25,1.0,0.782801488,109,0.001,5.0,1.0,0.8405830857,0.2389079885,0.7,0,2.268,ok,30.0,20.0
0.25,1.0,0.7827904495,110,0.0025,5.0,1.0,0.8406221716,0.2391586106,0.7,0,2.242,ok,30.0,20.0
0.25,1.0,0.7777231388,111,0.001,5.0,1.0,0.8355453648,0.2391111302,0.8,0,2.502,ok,30.0,20.0
0.25,1.0,0.7775432546,112,0.0025,5.0,1.0,0.8354765476,0.2396664648,0.8,0,2.252,ok,30.0,20.0
0.25,1.0,0.2217499195,113,0.001,5.0,2.0,0.3722662126,0.652581465,0.7,0,2.434,ok,15.0,25.0
0.25,1.0,0.221491388,114,0.0025,5.0,2.0,0.3720585559,0.6528358396,0.7,0,2.195,ok,15.0,25.0
0.25,1.0,0.1927770576,115,0.001,5.0,2.0,0.3433341703,0.6527855634,0.8,0,2.555,ok,15.0,25.0
0.25,1.0,0.1920876268,116,0.0025,5.0,2.0,0.3427568439,0.6533460854,0.8,0,2.185,ok,15.0,25.0
0.25,1.0,0.7777180368,117,0.001,5.0,1.0,0.8245951561,0.1843855964,0.7,0,2.581,ok,30.0,25.0
0.25,1.0,0.7777609491,118,0.0025,5.0,1.0,0.8246867249,0.184628879,0.7,0,2.297,ok,30.0,25.0
0.25,1.0,0.774307979,119,0.001,5.0,1.0,0.8212253411,0.1845868104,0.8,0,2.345,ok,30.0,25.0
0.25,1.0,0.7742114725,120,0.0025,5.0,1.0,0.8212378553,0.1851319139,0.8,0,2.591,ok,30.0,25.0
0.25,1.0,0.3501072795,121,0.001,5.0,1.0,0.4703760747,0.5513439762,0.7,0,2.332,ok,15.0,30.0
0.25,1.0,0.3499242577,122,0.0025,5.0,1.0,0.4702417094,0.5515872587,0.7,0,2.49,ok,15.0,30.0
0.25,1.0,0.3243511381,123,0.001,5.0,1.0,0.4446601761,0.5515451902,0.8,0,2.261,ok,15.0,30.0
0.25,1.0,0.3237855374,124,0.0025,5.0,1.0,0.4442035962,0.5520902937,0.8,0,2.482,ok,15.0,30.0
0.25,1.0,0.703220626,125,0.001,5.0,4.0,0.7703912999,0.1358533694,0.7,0,2.236,ok,30.0,30.0
0.25,1.0,0.703317196,126,0.0025,5.0,4.0,0.7705344047,0.1360860436,0.7,0,2.484,ok,30.0,30.0
0.25,1.0,0.701370789,127,0.001,5.0,4.0,0.7685811209,0.1360516593,0.8,0,2.187,ok,30.0,30.0
0.25,1.0,0.7013578766,128,0.0025,5.0,4.0,0.7686742303,0.1365817684,0.8,0,2.509,ok,30.0,30.0
0.5,1.0,-0.1388752763,129,0.001,5.0,7.0,0.0933479054,0.8111159082,0.7,0,2.223,ok,15.0,15.0
0.5,1.0,-0.1389745079,130,0.0025,5.0,7.0,0.0932697005,0.8112210421,0.7,0,2.275,ok,15.0,15.0
0.5,1.0,-0.1634738637,131,0.001,5.0,7.0,0.0689464456,0.8121015463,0.8,0,2.518,ok,15.0,15.0
0.5,1.0,-0.1636532027,132,0.0025,5.0,7.0,0.0687997668,0.8122648477,0.8,0,2.2,ok,15.0,15.0
0.5,1.0,0.7454567673,133,0.001,5.0,5.0,0.8449325424,0.2473788755,0.7,0,2.365,ok,30.0,15.0
0.5,1.0,0.7455323589,134,0.0025,5.0,5.0,0.8450613285,0.2476448478,0.7,0,2.192,ok,30.0,15.0
0.5,1.0,0.7397555651,135,0.001,5.0,5.0,0.8392727275,0.2475858118,0.8,0,2.433,ok,30.0,15.0
0.5,1.0,0.7397775843,136,0.0025,5.0,5.0,0.839410022,0.2481621886,0.8,0,2.216,ok,30.0,15.0
0.5,1.0,0.1377853546,137,0.001,5.0,4.0,0.3158098142,0.6901222979,0.7,0,2.54,ok,15.0,20.0
0.5,1.0,0.1376042866,138,0.0025,5.0,4.0,0.3156811559,0.6903843467,0.7,0,2.243,ok,15.0,20.0
0.5,1.0,0.1162900711,139,0.001,5.0,4.0,0.2943557299,0.6903282938,0.8,0,2.522,ok,15.0,20.0
0.5,1.0,0.1157825808,140,0.0025,5.0,4.0,0.2939624481,0.6908993364,0.8,0,2.203,ok,15.0,20.0
0.5,1.0,0.8094747544,141,0.001,5.0,2.0,0.8667489474,0.186370965,0.7,0,2.202,ok,30.0,20.0
0.5,1.0,0.8096014026,142,0.0025,5.0,2.0,0.8669264705,0.1866253396,0.7,0,2.539,ok,30.0,20.0
0.5,1.0,0.8055234166,143,0.001,5.0,2.0,0.8628384292,0.1865750633,0.8,0,2.255,ok,30.0,20.0
0.5,1.0,0.8056250174,144,0.0025,5.0,2.0,0.8630521345,0.1871355854,0.8,0,2.584,ok,30.0,20.0
0.5,1.0,0.3364669198,145,0.001,5.0,2.0,0.4741641747,0.5884862746,0.7,0,2.194,ok,15.0,25.0
0.5,1.0,0.3363560539,146,0.0025,5.0,2.0,0.4741041837,0.5887406491,0.7,0,2.443,ok,15.0,25.0
0.5,1.0,0.3122986682,147,0.001,5.0,2.0,0.4500367427,0.5886903729,0.8,0,2.228,ok,15.0,25.0
0.5,1.0,0.3119029944,148,0.0025,5.0,2.0,0.4497531734,0.589250895,0.8,0,2.574,ok,15.0,25.0
0.5,1.0,0.8100912082,149,0.001,5.0,1.0,0.846754734,0.1333176293,0.7,0,2.173,ok,30.0,25.0
0.5,1.0,0.8102702419,150,0.0025,5.0,1.0,0.8469824242,0.1335609118,0.7,0,2.184,ok,30.0,25.0
0.5,1.0,0.8074978297,151,0.001,5.0,1.0,0.8442015984,0.1335188432,0.8,0,2.533,ok,30.0,25.0
0.5,1.0,0.8076814143,152,0.0025,5.0,1.0,0.8444942036,0.1340639467,0.8,0,2.22,ok,30.0,25.0
0.5,1.0,0.4514966485,153,0.001,5.0,1.0,0.5594130852,0.4895821833,0.7,0,2.46,ok,15.0,30.0
0.5,1.0,0.4514583144,154,0.0025,5.0,1.0,0.5594234076,0.4898254658,0.7,0,2.223,ok,15.0,30.0
0.5,1.0,0.4300915616,155,0.001,5.0,1.0,0.538048241,0.4897833972,0.8,0,2.459,ok,15.0,30.0
0.5,1.0,0.4298165179,156,0.0025,5.0,1.0,0.537882218,0.4903285007,0.8,0,2.261,ok,15.0,30.0
0.5,1.0,0.7326225025,157,0.001,5.0,4.0,0.7898628887,0.0862019309,0.7,0,2.443,ok,30.0,30.0
0.5,1.0,0.7328526675,158,0.0025,5.0,4.0,0.7901395886,0.0864346051,0.7,0,2.144,ok,30.0,30.0
0.5,1.0,0.7312754429,159,0.001,5.0,4.0,0.788555487,0.0864002208,0.8,0,2.478,ok,30.0,30.0
0.5,1.0,0.7315396872,160,0.0025,5.0,4.0,0.7889257532,0.0869303299,0.8,0,2.227,ok,30.0,30.0
0.75,1.0,-0.0121541269,161,0.001,5.0,7.0,0.2065489008,0.7435151383,0.7,0,2.219,ok,15.0,15.0
0.75,1.0,-0.012196381,162,0.0025,5.0,7.0,0.2065262042,0.7436129257,0.7,0,2.532,ok,15.0,15.0
0.75,1.0,-0.0314559352,163,0.001,5.0,7.0,0.1874919496,0.7447394244,0.8,0,2.172,ok,15.0,15.0
0.75,1.0,-0.0315554747,164,0.0025,5.0,7.0,0.1874240295,0.7448975211,0.8,0,2.482,ok,15.0,15.0
0.75,1.0,0.7729703607,165,0.001,5.0,5.0,0.8618539094,0.1944177434,0.7,0,2.234,ok,30.0,15.0
0.75,1.0,0.77317803,166,0.0025,5.0,5.0,0.8621147731,0.1946837157,0.7,0,2.537,ok,30.0,15.0
0.75,1.0,0.7686777875,167,0.001,5.0,5.0,0.8576027234,0.1946246797,0.8,0,2.236,ok,30.0,15.0
0.75,1.0,0.7689694761,168,0.0025,5.0,5.0,0.8580096874,0.1952010565,0.8,0,2.706,ok,30.0,15.0
0.75,1.0,0.2478889304,169,0.001,5.0,4.0,0.4126462712,0.6237867037,0.7,0,2.207,ok,15.0,20.0
0.75,1.0,0.247849686,170,0.0025,5.0,4.0,0.4126594365,0.6240487525,0.7,0,2.491,ok,15.0,20.0
0.75,1.0,0.2311714474,171,0.001,5.0,4.0,0.3959699873,0.6239926996,0.8,0,2.259,ok,15.0,20.0
0.75,1.0,0.2309457139,172,0.0025,5.0,4.0,0.3958584624,0.6245637423,0.8,0,2.148,ok,15.0,20.0
0.75,1.0,0.8318677469,173,0.001,5.0,2.0,0.8788027073,0.134674802,0.7,0,2.517,ok,30.0,20.0
0.75,1.0,0.8321245727,174,0.0025,5.0,2.0,0.879110408,0.1349291766,0.7,0,2.209,ok,30.0,20.0
0.75,1.0,0.8289737113,175,0.001,5.0,2.0,0.8759494914,0.1348789004,0.8,0,2.51,ok,30.0,20.0
0.75,1.0,0.8293431787,176,0.0025,5.0,2.0,0.8764310631,0.1354394225,0.8,0,2.188,ok,30.0,20.0
0.75,1.0,0.4327242205,177,0.001,5.0,2.0,0.5576523327,0.5246405611,0.7,0,2.563,ok,15.0,25.0
0.75,1.0,0.4327529909,178,0.0025,5.0,2.0,0.557731978,0.5248949357,0.7,0,2.219,ok,15.0,25.0
0.75,1.0,0.4130626519,179,0.001,5.0,2.0,0.5380315838,0.5248446594,0.8,0,2.221,ok,15.0,25.0
0.75,1.0,0.4129468654,180,0.0025,5.0,2.0,0.5380279017,0.5254051815,0.8,0,2.181,ok,15.0,25.0
0.75,1.0,0.8286912837,181,0.001,5.0,1.0,0.8552852876,0.0829700191,0.7,0,2.255,ok,30.0,25.0
0.75,1.0,0.8289981128,182,0.0025,5.0,1.0,0.8556407731,0.0832133017,0.7,0,2.523,ok,30.0,25.0
0.75,1.0,0.8268646094,183,0.001,5.0,1.0,0.853498856,0.0831712331,0.8,0,2.208,ok,30.0,25.0
0.75,1.0,0.8273133506,184,0.0025,5.0,1.0,0.8540566179,0.0837163366,0.8,0,2.511,ok,30.0,25.0
0.75,1.0,0.5351768291,185,0.001,5.0,1.0,0.6307908353,0.428070031,0.7,0,2.246,ok,15.0,30.0
0.75,1.0,0.5352751578,186,0.0025,5.0,1.0,0.6309378205,0.4283133135,0.7,0,2.519,ok,15.0,30.0
0.75,1.0,0.5178469996,187,0.001,5.0,1.0,0.6135012486,0.428271245,0.8,0,2.207,ok,15.0,30.0
0.75,1.0,0.5178485254,188,0.0025,5.0,1.0,0.613611795,0.4288163485,0.8,0,2.592,ok,15.0,30.0
0.75,1.0,0.7487532338,189,0.001,5.0,4.0,0.796206274,0.037265201,0.7,0,2.262,ok,30.0,30.0
0.75,1.0,0.7491086368,190,0.0025,5.0,4.0,0.7966082119,0.0374978752,0.7,0,2.162,ok,30.0,30.0
0.75,1.0,0.7478821393,191,0.001,5.0,4.0,0.7953748375,0.0374634909,0.8,0,2.493,ok,30.0,30.0
0.75,1.0,0.7484084552,192,0.0025,5.0,4.0,0.7960071752,0.0379935999,0.8,0,2.227,ok,30.0,30.0
0.25,1.0,-0.2842022377,193,0.001,7.5,7.0,-0.0385135722,0.8784433276,0.7,0,2.466,ok,15.0,15.0
0.25,1.0,-0.2844431083,194,0.0025,7.5,7.0,-0.0387216143,0.8786074702,0.7,0,2.222,ok,15.0,15.0
0.25,1.0,-0.313488927,195,0.001,7.5,7.0,-0.0677379884,0.8787546931,0.8,0,2.486,ok,15.0,15.0
0.25,1.0,-0.3140150607,196,0.0025,7.5,7.0,-0.0681971033,0.879089787,0.8,0,2.22,ok,15.0,15.0
0.25,1.0,0.7029253856,197,0.001,7.5,5.0,0.8130496502,0.3006213226,0.7,0,2.473,ok,30.0,15.0
0.25,1.0,0.7028688734,198,0.0025,7.5,5.0,0.8130463324,0.300887295,0.7,0,2.184,ok,30.0,15.0
0.25,1.0,0.6957355584,199,0.001,7.5,5.0,0.8059012102,0.3008282589,0.8,0,2.61,ok,30.0,15.0
0.25,1.0,0.6954869747,200,0.0025,7.5,5.0,0.8057679018,0.3014046357,0.8,0,2.225,ok,30.0,15.0
0.25,1.0,0.0085599082,201,0.001,7.5,4.0,0.1998984112,0.756692515,0.7,0,2.283,ok,15.0,20.0
0.25,1.0,0.0082303588,202,0.0025,7.5,4.0,0.1996212716,0.7569545638,0.7,0,2.509,ok,15.0,20.0
0.25,1.0,-0.0180227269,203,0.001,7.5,4.0,0.1733569753,0.7568985109,0.8,0,2.049,ok,15.0,20.0
0.25,1.0,-0.0188236073,204,0.0025,7.5,4.0,0.1726703034,0.7574695536,0.8,0,2.472,ok,15.0,20.0
0.25,1.0,0.782234326,205,0.001,7.5,1.0,0.8399290445,0.2384735925,0.7,0,2.213,ok,30.0,20.0
0.25,1.0,0.7822323603,206,0.0025,7.5,1.0,0.8399772033,0.2387242147,0.7,0,2.481,ok,30.0,20.0
0.25,1.0,0.7771673239,207,0.001,7.5,1.0,0.8349026708,0.2386767342,0.8,0,2.249,ok,30.0,20.0
0.25,1.0,0.7770026401,208,0.0025,7.5,1.0,0.8348490539,0.2392320689,0.8,0,2.533,ok,30.0,20.0
0.25,1.0,0.2217029231,209,0.001,7.5,2.0,0.3722192161,0.652581465,0.7,0,2.281,ok,15.0,25.0
0.25,1.0,0.2214461242,210,0.0025,7.5,2.0,0.3720132922,0.6528358396,0.7,0,2.29,ok,15.0,25.0
0.25,1.0,0.1927307123,211,0.001,7.5,2.0,0.343287825,0.6527855634,0.8,0,2.494,ok,15.0,25.0
0.25,1.0,0.1920439909,212,0.0025,7.5,2.0,0.342713208,0.6533460854,0.8,0,2.243,ok,15.0,25.0
0.25,1.0,0.7768710035,213,0.001,7.5,1.0,0.8236591571,0.1839407677,0.7,0,2.224,ok,30.0,25.0
0.25,1.0,0.7769238558,214,0.0025,7.5,1.0,0.8237606659,0.1841840503,0.7,0,2.195,ok,30.0,25.0
0.25,1.0,0.7734719929,215,0.001,7.5,1.0,0.8203003893,0.1841419817,0.8,0,2.521,ok,30.0,25.0
0.25,1.0,0.773392147,216,0.0025,7.5,1.0,0.820329564,0.1846870852,0.8,0,2.186,ok,30.0,25.0
0.25,1.0,0.3499991668,217,0.001,7.5,1.0,0.470267962,0.5513439762,0.7,0,2.521,ok,15.0,30.0
0.25,1.0,0.3498183254,218,0.0025,7.5,1.0,0.4701357772,0.5515872587,0.7,0,2.196,ok,15.0,30.0
0.25,1.0,0.3242438519,219,0.001,7.5,1.0,0.4445528899,0.5515451902,0.8,0,2.319,ok,15.0,30.0
0.25,1.0,0.3236816715,220,0.0025,7.5,1.0,0.4440997303,0.5520902937,0.8,0,2.216,ok,15.0,30.0
0.25,1.0,0.7020496163,221,0.001,7.5,4.0,0.769132022,0.1354120287,0.7,0,2.205,ok,30.0,30.0
0.25,1.0,0.7021570904,222,0.0025,7.5,4.0,0.769286031,0.1356447029,0.7,0,2.494,ok,30.0,30.0
0.25,1.0,0.7002103143,223,0.001,7.5,4.0,0.7673323781,0.1356103186,0.8,0,2.209,ok,30.0,30.0
0.25,1.0,0.7002156824,224,0.0025,7.5,4.0,0.7674437679,0.1361404277,0.8,0,2.478,ok,30.0,30.0
0.5,1.0,-0.1386554991,225,0.001,7.5,7.0,0.0935140491,0.8108477411,0.7,0,2.196,ok,15.0,15.0
0.5,1.0,-0.1387533746,226,0.0025,7.5,7.0,0.0934371734,0.8109527397,0.7,0,2.556,ok,15.0,15.0
0.5,1.0,-0.1629911053,227,0.001,7.5,7.0,0.0693351528,0.8116312905,0.8,0,2.211,ok,15.0,15.0
0.5,1.0,-0.1631774823,228,0.0025,7.5,7.0,0.0691831,0.8118029113,0.8,0,2.483,ok,15.0,15.0
0.5,1.0,0.7447705295,229,0.001,7.5,5.0,0.8441566086,0.2469303958,0.7,0,2.188,ok,30.0,15.0
0.5,1.0,0.7448543107,230,0.0025,7.5,5.0,0.8442935844,0.2471963681,0.7,0,2.444,ok,30.0,15.0
0.5,1.0,0.7390804284,231,0.001,7.5,5.0,0.8385078948,0.2471373321,0.8,0,2.278,ok,30.0,15.0
0.5,1.0,0.7391161622,232,0.0025,7.5,5.0,0.838658904,0.2477137089,0.8,0,2.459,ok,30.0,15.0
0.5,1.0,0.1377301947,233,0.001,7.5,4.0,0.3157546543,0.6901222979,0.7,0,2.251,ok,15.0,20.0
0.5,1.0,0.1375504816,234,0.0025,7.5,4.0,0.315627351,0.6903843467,0.7,0,2.211,ok,15.0,20.0
0.5,1.0,0.1162354154,235,0.001,7.5,4.0,0.2943010742,0.6903282938,0.8,0,2.478,ok,15.0,20.0
0.5,1.0,0.1157300363,236,0.0025,7.5,4.0,0.2939099036,0.6908993364,0.8,0,2.196,ok,15.0,20.0
0.5,1.0,0.8085341841,237,0.001,7.5,2.0,0.8657196785,0.1859274718,0.7,0,2.456,ok,30.0,20.0
0.5,1.0,0.8086697914,238,0.0025,7.5,2.0,0.8659061607,0.1861818464,0.7,0,2.245,ok,30.0,20.0
0.5,1.0,0.8045932455,239,0.001,7.5,2.0,0.8618195595,0.1861315702,0.8,0,2.535,ok,30.0,20.0
0.5,1.0,0.8047098564,240,0.0025,7.5,2.0,0.8620482749,0.1866920922,0.8,0,2.182,ok,30.0,20.0
0.5,1.0,0.3363667566,241,0.001,7.5,2.0,0.4740640115,0.5884862746,0.7,0,2.496,ok,15.0,25.0
0.5,1.0,0.3362576016,242,0.0025,7.5,2.0,0.4740057314,0.5887406491,0.7,0,2.212,ok,15.0,25.0
0.5,1.0,0.3121991479,243,0.001,7.5,2.0,0.4499372225,0.5886903729,0.8,0,2.21,ok,15.0,25.0
0.5,1.0,0.3118061495,244,0.0025,7.5,2.0,0.4496563285,0.589250895,0.8,0,2.522,ok,15.0,25.0
0.5,1.0,0.808849264,245,0.001,7.5,1.0,0.8454249389,0.1328783749,0.7,0,2.289,ok,30.0,25.0
0.5,1.0,0.8090381128,246,0.0025,7.5,1.0,0.8456624443,0.1331216574,0.7,0,2.223,ok,30.0,25.0
0.5,1.0,0.8062658279,247,0.001,7.5,1.0,0.8428817456,0.1330795888,0.8,0,2.466,ok,30.0,25.0
0.5,1.0,0.8064658633,248,0.0025,7.5,1.0,0.8431908017,0.1336246923,0.8,0,2.485,ok,30.0,25.0
0.5,1.0,0.4513268824,249,0.001,7.5,1.0,0.5592433191,0.4895821833,0.7,0,2.238,ok,15.0,30.0
0.5,1.0,0.4512907015,250,0.0025,7.5,1.0,0.5592557947,0.4898254658,0.7,0,2.484,ok,15.0,30.0
0.5,1.0,0.4299226117,251,0.001,7.5,1.0,0.5378792912,0.4897833972,0.8,0,2.214,ok,15.0,30.0
0.5,1.0,0.4296509454,252,0.0025,7.5,1.0,0.5377166456,0.4903285007,0.8,0,2.497,ok,15.0,30.0
0.5,1.0,0.7310381708,253,0.001,7.5,4.0,0.788191395,0.0857661208,0.7,0,2.281,ok,30.0,30.0
0.5,1.0,0.7312791031,254,0.0025,7.5,4.0,0.7884788621,0.085998795,0.7,0,2.506,ok,30.0,30.0
0.5,1.0,0.7297006184,255,0.001,7.5,4.0,0.7868935005,0.0859644107,0.8,0,2.204,ok,30.0,30.0
0.5,1.0,0.7299829131,256,0.0025,7.5,4.0,0.787281817,0.0864945197,0.8,0,2.157,ok,30.0,30.0
0.75,1.0,-0.0121019768,257,0.001,7.5,7.0,0.2065471711,0.7432457395,0.7,0,2.279,ok,15.0,15.0
0.75,1.0,-0.0121451751,258,0.0025,7.5,7.0,0.2065245195,0.743348473,0.7,0,2.189,ok,15.0,15.0
0.75,1.0,-0.0312250591,259,0.001,7.5,7.0,0.1876290601,0.744270596,0.8,0,2.486,ok,15.0,15.0
0.75,1.0,-0.0313260275,260,0.0025,7.5,7.0,0.1875607983,0.7444341288,0.8,0,2.265,ok,15.0,15.0
0.75,1.0,0.7719665501,261,0.001,7.5,5.0,0.8607615411,0.193974955,0.7,0,2.471,ok,30.0,15.0
0.75,1.0,0.7721823048,262,0.0025,7.5,5.0,0.8610304903,0.1942409274,0.7,0,2.236,ok,30.0,15.0
0.75,1.0,0.7676838018,263,0.001,7.5,5.0,0.8565201801,0.1941818913,0.8,0,2.48,ok,30.0,15.0
0.75,1.0,0.7679890299,264,0.0025,7.5,5.0,0.8569406835,0.1947582681,0.8,0,2.229,ok,30.0,15.0
0.75,1.0,0.2477937888,265,0.001,7.5,4.0,0.4125511295,0.6237867037,0.7,0,2.571,ok,15.0,20.0
0.75,1.0,0.2477558821,266,0.0025,7.5,4.0,0.4125656326,0.6240487525,0.7,0,2.253,ok,15.0,20.0
0.75,1.0,0.2310768035,267,0.001,7.5,4.0,0.3958753434,0.6239926996,0.8,0,2.091,ok,15.0,20.0
0.75,1.0,0.2308531544,268,0.0025,7.5,4.0,0.3957659029,0.6245637423,0.8,0,2.232,ok,15.0,20.0
0.75,1.0,0.8305922211,269,0.001,7.5,2.0,0.8774396084,0.134236937,0.7,0,2.198,ok,30.0,20.0
0.75,1.0,0.8308578919,270,0.0025,7.5,2.0,0.8777561542,0.1344913115,0.7,0,2.497,ok,30.0,20.0
0.75,1.0,0.827707429,271,0.001,7.5,2.0,0.8745956361,0.1344410353,0.8,0,2.433,ok,30.0,20.0
0.75,1.0,0.8280917148,272,0.0025,7.5,2.0,0.8750920263,0.1350015574,0.8,0,2.477,ok,30.0,20.0
0.75,1.0,0.4325770678,273,0.001,7.5,2.0,0.55750518,0.5246405611,0.7,0,2.26,ok,15.0,25.0
0.75,1.0,0.4326075274,274,0.0025,7.5,2.0,0.5575865145,0.5248949357,0.7,0,2.193,ok,15.0,25.0
0.75,1.0,0.412916134,275,0.001,7.5,2.0,0.5378850659,0.5248446594,0.8,0,2.262,ok,15.0,25.0
0.75,1.0,0.412802989,276,0.0025,7.5,2.0,0.5378840253,0.5254051815,0.8,0,2.164,ok,15.0,25.0
0.75,1.0,0.827098987,277,0.001,7.5,1.0,0.8536062548,0.082536339,0.7,0,2.446,ok,30.0,25.0
0.75,1.0,0.8274155062,278,0.0025,7.5,1.0,0.8539714305,0.0827796216,0.7,0,2.235,ok,30.0,25.0
0.75,1.0,0.8252811705,279,0.001,7.5,1.0,0.8518286811,0.082737553,0.8,0,2.537,ok,30.0,25.0
0.75,1.0,0.8257461527,280,0.0025,7.5,1.0,0.852402684,0.0832826565,0.8,0,2.223,ok,30.0,25.0
0.75,1.0,0.5349529373,281,0.001,7.5,1.0,0.6305669435,0.428070031,0.7,0,2.238,ok,15.0,30.0
0.75,1.0,0.5350533918,282,0.0025,7.5,1.0,0.6307160545,0.4283133135,0.7,0,2.485,ok,15.0,30.0
0.75,1.0,0.5176239136,283,0.001,7.5,1.0,0.6132781626,0.428271245,0.8,0,2.223,ok,15.0,30.0
0.75,1.0,0.5176287739,284,0.0025,7.5,1.0,0.6133920436,0.4288163485,0.8,0,2.533,ok,15.0,30.0
0.75,1.0,0.7468035547,285,0.001,7.5,4.0,0.794170539,0.0368349214,0.7,0,2.183,ok,30.0,30.0
0.75,1.0,0.747169588,286,0.0025,7.5,4.0,0.7945831071,0.0370675956,0.7,0,2.535,ok,30.0,30.0
0.75,1.0,0.7459409536,287,0.001,7.5,4.0,0.7933475959,0.0370332113,0.8,0,2.177,ok,30.0,30.0
0.75,1.0,0.7464850897,288,0.0025,7.5,4.0,0.7939977538,0.0375633204,0.8,0,2.548,ok,30.0,30.0
