hora_modelo,hora_alvo,observado_em,observado_cm,previsto_cm,erro_cm,erro_abs_cm,nivel_modelo_cm,nivel_rio_agora_cm,modelo,horizonte
2026-08-17T14:00:00,2026-08-17T18:00:00,2026-08-17T18:00:00,400,389,-11.0,11.0,372,370,V01_R_VAL_TROCA_E16_POR_E15_nh52_nit10_cic100000,4h
2026-08-17T15:00:00,2026-08-17T19:00:00,2026-08-17T19:00:00,434,393,-41.0,41.0,370,373,V01_R_VAL_TROCA_E16_POR_E15_nh52_nit10_cic100000,4h
2026-08-17T16:00:00,2026-08-17T20:00:00,2026-08-17T20:00:00,468,414,-54.0,54.0,375,383,V01_R_VAL_TROCA_E16_POR_E15_nh52_nit10_cic100000,4h
2026-08-17T17:00:00,2026-08-17T21:00:00,2026-08-17T21:00:00,480,424,-56.0,56.0,386,396,V01_R_VAL_TROCA_E16_POR_E15_nh52_nit10_cic100000,4h
2026-08-17T18:00:00,2026-08-17T22:00:00,2026-08-17T22:00:00,483,515,32.0,32.0,400,423,V01_R_VAL_TROCA_E16_POR_E15_nh52_nit10_cic100000,4h
2026-08-17T19:00:00,2026-08-17T23:00:00,2026-08-17T23:00:00,478,508,30.0,30.0,434,462,V01_R_VAL_TROCA_E16_POR_E15_nh52_nit10_cic100000,4h
2026-08-17T20:00:00,2026-08-18T00:00:00,2026-08-18T00:00:00,469,483,14.0,14.0,468,479,V01_R_VAL_TROCA_E16_POR_E15_nh52_nit10_cic100000,4h
2026-08-17T21:00:00,2026-08-18T01:00:00,2026-08-18T01:00:00,460,475,15.0,15.0,480,482,V01_R_VAL_TROCA_E16_POR_E15_nh52_nit10_cic100000,4h
2026-08-17T22:00:00,2026-08-18T02:00:00,2026-08-18T02:00:00,446,458,12.0,12.0,483,480,V01_R_VAL_TROCA_E16_POR_E15_nh52_nit10_cic100000,4h
2026-08-17T23:00:00,2026-08-18T03:00:00,2026-08-18T03:00:00,436,440,4.0,4.0,478,471,V01_R_VAL_TROCA_E16_POR_E15_nh52_nit10_cic100000,4h
2026-08-18T00:00:00,2026-08-18T04:00:00,2026-08-18T04:00:00,428,433,5.0,5.0,469,460,V01_R_VAL_TROCA_E16_POR_E15_nh52_nit10_cic100000,4h
2026-08-18T01:00:00,2026-08-18T05:00:00,2026-08-18T05:00:00,411,431,20.0,20.0,460,439,V01_R_VAL_TROCA_E16_POR_E15_nh52_nit10_cic100000,4h
2026-08-18T02:00:00,2026-08-18T06:00:00,2026-08-18T06:00:00,388,414,26.0,26.0,446,439,V01_R_VAL_TROCA_E16_POR_E15_nh52_nit10_cic100000,4h
2026-08-18T03:00:00,2026-08-18T07:00:00,2026-08-18T07:00:00,374,415,41.0,41.0,436,431,V01_R_VAL_TROCA_E16_POR_E15_nh52_nit10_cic100000,4h
2026-08-18T04:00:00,2026-08-18T08:00:00,2026-08-18T08:00:00,383,361,-22.0,22.0,428,416,V01_R_VAL_TROCA_E16_POR_E15_nh52_nit10_cic100000,4h
2026-08-18T06:00:00,2026-08-18T10:00:00,2026-08-18T10:00:00,387,378,-9.0,9.0,388,375,V01_R_VAL_TROCA_E16_POR_E15_nh52_nit10_cic100000,4h
2026-08-18T07:00:00,2026-08-18T11:00:00,2026-08-18T11:00:00,361,432,71.0,71.0,374,378,V01_R_VAL_TROCA_E16_POR_E15_nh52_nit10_cic100000,4h
2026-08-18T08:00:00,2026-08-18T12:00:00,2026-08-18T12:00:00,342,415,73.0,73.0,383,396,V01_R_VAL_TROCA_E16_POR_E15_nh52_nit10_cic100000,4h
2026-08-18T09:00:00,2026-08-18T13:00:00,2026-08-18T13:00:00,333,328,-5.0,5.0,398,392,V01_R_VAL_TROCA_E16_POR_E15_nh52_nit10_cic100000,4h
2026-08-18T10:00:00,2026-08-18T14:00:00,2026-08-18T14:00:00,329,316,-13.0,13.0,387,368,V01_R_VAL_TROCA_E16_POR_E15_nh52_nit10_cic100000,4h
2026-08-18T11:00:00,2026-08-18T15:00:00,2026-08-18T15:00:00,331,331,0.0,0.0,361,346,V01_R_VAL_TROCA_E16_POR_E15_nh52_nit10_cic100000,4h
2026-08-18T12:00:00,2026-08-18T16:00:00,2026-08-18T16:00:00,338,337,-1.0,1.0,342,335,V01_R_VAL_TROCA_E16_POR_E15_nh52_nit10_cic100000,4h
2026-08-18T13:00:00,2026-08-18T17:00:00,2026-08-18T17:00:00,348,343,-5.0,5.0,333,330,V01_R_VAL_TROCA_E16_POR_E15_nh52_nit10_cic100000,4h
2026-08-18T14:00:00,2026-08-18T18:00:00,2026-08-18T18:00:00,358,351,-7.0,7.0,329,330,V01_R_VAL_TROCA_E16_POR_E15_nh52_nit10_cic100000,4h
2026-08-18T15:00:00,2026-08-18T19:00:00,2026-08-18T19:00:00,384,362,-22.0,22.0,331,336,V01_R_VAL_TROCA_E16_POR_E15_nh52_nit10_cic100000,4h
2026-08-18T16:00:00,2026-08-18T20:00:00,2026-08-18T20:00:00,424,371,-53.0,53.0,338,346,V01_R_VAL_TROCA_E16_POR_E15_nh52_nit10_cic100000,4h
2026-08-18T17:00:00,2026-08-18T21:00:00,2026-08-18T21:00:00,442,379,-63.0,63.0,348,355,V01_R_VAL_TROCA_E16_POR_E15_nh52_nit10_cic100000,4h
2026-08-18T18:00:00,2026-08-18T22:00:00,2026-08-18T22:00:00,447,475,28.0,28.0,358,375,V01_R_VAL_TROCA_E16_POR_E15_nh52_nit10_cic100000,4h
2026-08-18T19:00:00,2026-08-18T23:00:00,2026-08-18T23:00:00,445,467,22.0,22.0,384,416,V01_R_VAL_TROCA_E16_POR_E15_nh52_nit10_cic100000,4h
2026-08-18T20:00:00,2026-08-19T00:00:00,2026-08-19T00:00:00,437,453,16.0,16.0,424,440,V01_R_VAL_TROCA_E16_POR_E15_nh52_nit10_cic100000,4h
2026-08-18T21:00:00,2026-08-19T01:00:00,2026-08-19T01:00:00,427,443,16.0,16.0,442,447,V01_R_VAL_TROCA_E16_POR_E15_nh52_nit10_cic100000,4h
2026-08-18T22:00:00,2026-08-19T02:00:00,2026-08-19T02:00:00,417,426,9.0,9.0,447,446,V01_R_VAL_TROCA_E16_POR_E15_nh52_nit10_cic100000,4h
2026-08-18T23:00:00,2026-08-19T03:00:00,2026-08-19T03:00:00,407,413,6.0,6.0,445,440,V01_R_VAL_TROCA_E16_POR_E15_nh52_nit10_cic100000,4h
2026-08-19T00:00:00,2026-08-19T04:00:00,2026-08-19T04:00:00,399,403,4.0,4.0,437,430,V01_R_VAL_TROCA_E16_POR_E15_nh52_nit10_cic100000,4h
2026-08-19T01:00:00,2026-08-19T05:00:00,2026-08-19T05:00:00,392,400,8.0,8.0,427,419,V01_R_VAL_TROCA_E16_POR_E15_nh52_nit10_cic100000,4h
2026-08-19T02:00:00,2026-08-19T06:00:00,2026-08-19T06:00:00,387,385,-2.0,2.0,417,409,V01_R_VAL_TROCA_E16_POR_E15_nh52_nit10_cic100000,4h
2026-08-19T03:00:00,2026-08-19T07:00:00,2026-08-19T07:00:00,384,386,2.0,2.0,407,400,V01_R_VAL_TROCA_E16_POR_E15_nh52_nit10_cic100000,4h
2026-08-19T04:00:00,2026-08-19T08:00:00,2026-08-19T08:00:00,383,385,2.0,2.0,399,393,V01_R_VAL_TROCA_E16_POR_E15_nh52_nit10_cic100000,4h
2026-08-19T05:00:00,2026-08-19T09:00:00,2026-08-19T09:00:00,381,382,1.0,1.0,392,388,V01_R_VAL_TROCA_E16_POR_E15_nh52_nit10_cic100000,4h
2026-08-19T06:00:00,2026-08-19T10:00:00,2026-08-19T10:00:00,371,384,13.0,13.0,387,385,V01_R_VAL_TROCA_E16_POR_E15_nh52_nit10_cic100000,4h
2026-08-19T07:00:00,2026-08-19T11:00:00,2026-08-19T11:00:00,343,381,38.0,38.0,384,383,V01_R_VAL_TROCA_E16_POR_E15_nh52_nit10_cic100000,4h
2026-08-19T08:00:00,2026-08-19T12:00:00,2026-08-19T12:00:00,312,381,69.0,69.0,383,381,V01_R_VAL_TROCA_E16_POR_E15_nh52_nit10_cic100000,4h
2026-08-19T09:00:00,2026-08-19T13:00:00,2026-08-19T13:00:00,288,324,36.0,36.0,381,376,V01_R_VAL_TROCA_E16_POR_E15_nh52_nit10_cic100000,4h
2026-08-19T10:00:00,2026-08-19T14:00:00,2026-08-19T14:00:00,274,265,-9.0,9.0,371,351,V01_R_VAL_TROCA_E16_POR_E15_nh52_nit10_cic100000,4h
2026-08-19T11:00:00,2026-08-19T15:00:00,2026-08-19T15:00:00,266,269,3.0,3.0,343,319,V01_R_VAL_TROCA_E16_POR_E15_nh52_nit10_cic100000,4h
2026-08-19T12:00:00,2026-08-19T16:00:00,2026-08-19T16:00:00,265,280,15.0,15.0,312,293,V01_R_VAL_TROCA_E16_POR_E15_nh52_nit10_cic100000,4h
2026-08-19T13:00:00,2026-08-19T17:00:00,2026-08-19T17:00:00,272,280,8.0,8.0,288,276,V01_R_VAL_TROCA_E16_POR_E15_nh52_nit10_cic100000,4h
2026-08-19T14:00:00,2026-08-19T18:00:00,2026-08-19T18:00:00,310,286,-24.0,24.0,274,268,V01_R_VAL_TROCA_E16_POR_E15_nh52_nit10_cic100000,4h
2026-08-19T15:00:00,2026-08-19T19:00:00,2026-08-19T19:00:00,373,299,-74.0,74.0,266,265,V01_R_VAL_TROCA_E16_POR_E15_nh52_nit10_cic100000,4h
2026-08-19T16:00:00,2026-08-19T20:00:00,2026-08-19T20:00:00,405,333,-72.0,72.0,265,269,V01_R_VAL_TROCA_E16_POR_E15_nh52_nit10_cic100000,4h
2026-08-19T17:00:00,2026-08-19T21:00:00,2026-08-19T21:00:00,416,446,30.0,30.0,272,295,V01_R_VAL_TROCA_E16_POR_E15_nh52_nit10_cic100000,4h
2026-08-19T18:00:00,2026-08-19T22:00:00,2026-08-19T22:00:00,419,434,15.0,15.0,310,399,V01_R_VAL_TROCA_E16_POR_E15_nh52_nit10_cic100000,4h
2026-08-19T19:00:00,2026-08-19T23:00:00,2026-08-19T23:00:00,420,428,8.0,8.0,373,399,V01_R_VAL_TROCA_E16_POR_E15_nh52_nit10_cic100000,4h
2026-08-19T20:00:00,2026-08-20T00:00:00,2026-08-20T00:00:00,416,417,1.0,1.0,405,414,V01_R_VAL_TROCA_E16_POR_E15_nh52_nit10_cic100000,4h
2026-08-19T21:00:00,2026-08-20T01:00:00,2026-08-20T01:00:00,406,410,4.0,4.0,416,419,V01_R_VAL_TROCA_E16_POR_E15_nh52_nit10_cic100000,4h
2026-08-19T22:00:00,2026-08-20T02:00:00,2026-08-20T02:00:00,393,410,17.0,17.0,419,421,V01_R_VAL_TROCA_E16_POR_E15_nh52_nit10_cic100000,4h
2026-08-19T23:00:00,2026-08-20T03:00:00,2026-08-20T03:00:00,381,398,17.0,17.0,420,408,V01_R_VAL_TROCA_E16_POR_E15_nh52_nit10_cic100000,4h
2026-08-20T00:00:00,2026-08-20T04:00:00,2026-08-20T04:00:00,369,384,15.0,15.0,416,408,V01_R_VAL_TROCA_E16_POR_E15_nh52_nit10_cic100000,4h
2026-08-20T01:00:00,2026-08-20T05:00:00,2026-08-20T05:00:00,358,367,9.0,9.0,406,384,V01_R_VAL_TROCA_E16_POR_E15_nh52_nit10_cic100000,4h
2026-08-20T02:00:00,2026-08-20T06:00:00,2026-08-20T06:00:00,341,364,23.0,23.0,393,372,V01_R_VAL_TROCA_E16_POR_E15_nh52_nit10_cic100000,4h
2026-08-20T03:00:00,2026-08-20T07:00:00,2026-08-20T07:00:00,324,360,36.0,36.0,381,362,V01_R_VAL_TROCA_E16_POR_E15_nh52_nit10_cic100000,4h
2026-08-20T04:00:00,2026-08-20T08:00:00,2026-08-20T08:00:00,315,327,12.0,12.0,369,362,V01_R_VAL_TROCA_E16_POR_E15_nh52_nit10_cic100000,4h
2026-08-20T05:00:00,2026-08-20T09:00:00,2026-08-20T09:00:00,326,305,-21.0,21.0,358,328,V01_R_VAL_TROCA_E16_POR_E15_nh52_nit10_cic100000,4h
2026-08-20T06:00:00,2026-08-20T10:00:00,2026-08-20T10:00:00,331,306,-25.0,25.0,341,316,V01_R_VAL_TROCA_E16_POR_E15_nh52_nit10_cic100000,4h
2026-08-20T07:00:00,2026-08-20T11:00:00,2026-08-20T11:00:00,315,350,35.0,35.0,324,316,V01_R_VAL_TROCA_E16_POR_E15_nh52_nit10_cic100000,4h
2026-08-20T08:00:00,2026-08-20T12:00:00,2026-08-20T12:00:00,294,373,79.0,79.0,315,322,V01_R_VAL_TROCA_E16_POR_E15_nh52_nit10_cic100000,4h
2026-08-20T09:00:00,2026-08-20T13:00:00,2026-08-20T13:00:00,279,287,8.0,8.0,326,332,V01_R_VAL_TROCA_E16_POR_E15_nh52_nit10_cic100000,4h
2026-08-20T10:00:00,2026-08-20T14:00:00,2026-08-20T14:00:00,271,270,-1.0,1.0,331,319,V01_R_VAL_TROCA_E16_POR_E15_nh52_nit10_cic100000,4h
2026-08-20T11:00:00,2026-08-20T15:00:00,2026-08-20T15:00:00,270,274,4.0,4.0,315,299,V01_R_VAL_TROCA_E16_POR_E15_nh52_nit10_cic100000,4h
2026-08-20T12:00:00,2026-08-20T16:00:00,2026-08-20T16:00:00,275,280,5.0,5.0,294,272,V01_R_VAL_TROCA_E16_POR_E15_nh52_nit10_cic100000,4h
2026-08-20T13:00:00,2026-08-20T17:00:00,2026-08-20T17:00:00,288,291,3.0,3.0,279,272,V01_R_VAL_TROCA_E16_POR_E15_nh52_nit10_cic100000,4h
2026-08-20T14:00:00,2026-08-20T18:00:00,2026-08-20T18:00:00,323,297,-26.0,26.0,271,269,V01_R_VAL_TROCA_E16_POR_E15_nh52_nit10_cic100000,4h
2026-08-20T15:00:00,2026-08-20T19:00:00,2026-08-20T19:00:00,385,306,-79.0,79.0,270,273,V01_R_VAL_TROCA_E16_POR_E15_nh52_nit10_cic100000,4h
2026-08-20T16:00:00,2026-08-20T20:00:00,2026-08-20T20:00:00,411,328,-83.0,83.0,275,310,V01_R_VAL_TROCA_E16_POR_E15_nh52_nit10_cic100000,4h
2026-08-20T17:00:00,2026-08-20T21:00:00,2026-08-20T21:00:00,416,451,35.0,35.0,288,310,V01_R_VAL_TROCA_E16_POR_E15_nh52_nit10_cic100000,4h
2026-08-20T18:00:00,2026-08-20T22:00:00,2026-08-20T22:00:00,418,445,27.0,27.0,323,408,V01_R_VAL_TROCA_E16_POR_E15_nh52_nit10_cic100000,4h
2026-08-20T19:00:00,2026-08-20T23:00:00,2026-08-20T23:00:00,419,422,3.0,3.0,385,415,V01_R_VAL_TROCA_E16_POR_E15_nh52_nit10_cic100000,4h
2026-08-20T20:00:00,2026-08-21T00:00:00,2026-08-21T00:00:00,416,411,-5.0,5.0,411,418,V01_R_VAL_TROCA_E16_POR_E15_nh52_nit10_cic100000,4h
2026-08-20T21:00:00,2026-08-21T01:00:00,2026-08-21T01:00:00,410,415,5.0,5.0,416,418,V01_R_VAL_TROCA_E16_POR_E15_nh52_nit10_cic100000,4h
2026-08-20T22:00:00,2026-08-21T02:00:00,2026-08-21T02:00:00,402,414,12.0,12.0,418,418,V01_R_VAL_TROCA_E16_POR_E15_nh52_nit10_cic100000,4h
2026-08-20T23:00:00,2026-08-21T03:00:00,2026-08-21T03:00:00,394,407,13.0,13.0,419,417,V01_R_VAL_TROCA_E16_POR_E15_nh52_nit10_cic100000,4h
2026-08-21T00:00:00,2026-08-21T04:00:00,2026-08-21T04:00:00,389,399,10.0,10.0,416,411,V01_R_VAL_TROCA_E16_POR_E15_nh52_nit10_cic100000,4h
2026-08-21T01:00:00,2026-08-21T05:00:00,2026-08-21T05:00:00,385,382,-3.0,3.0,410,396,V01_R_VAL_TROCA_E16_POR_E15_nh52_nit10_cic100000,4h
2026-08-21T02:00:00,2026-08-21T06:00:00,2026-08-21T06:00:00,382,383,1.0,1.0,402,396,V01_R_VAL_TROCA_E16_POR_E15_nh52_nit10_cic100000,4h
2026-08-21T03:00:00,2026-08-21T07:00:00,2026-08-21T07:00:00,379,387,8.0,8.0,394,390,V01_R_VAL_TROCA_E16_POR_E15_nh52_nit10_cic100000,4h
2026-08-21T04:00:00,2026-08-21T08:00:00,2026-08-21T08:00:00,375,385,10.0,10.0,389,386,V01_R_VAL_TROCA_E16_POR_E15_nh52_nit10_cic100000,4h
2026-08-21T05:00:00,2026-08-21T09:00:00,2026-08-21T09:00:00,369,382,13.0,13.0,385,383,V01_R_VAL_TROCA_E16_POR_E15_nh52_nit10_cic100000,4h
2026-08-21T06:00:00,2026-08-21T10:00:00,2026-08-21T10:00:00,358,377,19.0,19.0,382,376,V01_R_VAL_TROCA_E16_POR_E15_nh52_nit10_cic100000,4h
2026-08-21T07:00:00,2026-08-21T11:00:00,2026-08-21T11:00:00,339,372,33.0,33.0,379,371,V01_R_VAL_TROCA_E16_POR_E15_nh52_nit10_cic100000,4h
2026-08-21T08:00:00,2026-08-21T12:00:00,2026-08-21T12:00:00,324,366,42.0,42.0,375,371,V01_R_VAL_TROCA_E16_POR_E15_nh52_nit10_cic100000,4h
2026-08-21T09:00:00,2026-08-21T13:00:00,2026-08-21T13:00:00,317,318,1.0,1.0,369,343,V01_R_VAL_TROCA_E16_POR_E15_nh52_nit10_cic100000,4h
2026-08-21T10:00:00,2026-08-21T14:00:00,2026-08-21T14:00:00,315,312,-3.0,3.0,358,343,V01_R_VAL_TROCA_E16_POR_E15_nh52_nit10_cic100000,4h
2026-08-21T11:00:00,2026-08-21T15:00:00,2026-08-21T15:00:00,317,323,6.0,6.0,339,318,V01_R_VAL_TROCA_E16_POR_E15_nh52_nit10_cic100000,4h
2026-08-21T12:00:00,2026-08-21T16:00:00,2026-08-21T16:00:00,320,329,9.0,9.0,324,318,V01_R_VAL_TROCA_E16_POR_E15_nh52_nit10_cic100000,4h
2026-08-21T13:00:00,2026-08-21T17:00:00,2026-08-21T17:00:00,325,331,6.0,6.0,317,316,V01_R_VAL_TROCA_E16_POR_E15_nh52_nit10_cic100000,4h
2026-08-21T14:00:00,2026-08-21T18:00:00,2026-08-21T18:00:00,332,334,2.0,2.0,315,316,V01_R_VAL_TROCA_E16_POR_E15_nh52_nit10_cic100000,4h
2026-08-21T15:00:00,2026-08-21T19:00:00,2026-08-21T19:00:00,352,342,-10.0,10.0,317,324,V01_R_VAL_TROCA_E16_POR_E15_nh52_nit10_cic100000,4h
2026-08-21T16:00:00,2026-08-21T20:00:00,2026-08-21T20:00:00,376,344,-32.0,32.0,320,330,V01_R_VAL_TROCA_E16_POR_E15_nh52_nit10_cic100000,4h
2026-08-21T17:00:00,2026-08-21T21:00:00,2026-08-21T21:00:00,389,361,-28.0,28.0,325,330,V01_R_VAL_TROCA_E16_POR_E15_nh52_nit10_cic100000,4h
2026-08-21T18:00:00,2026-08-21T22:00:00,2026-08-21T22:00:00,391,411,20.0,20.0,332,345,V01_R_VAL_TROCA_E16_POR_E15_nh52_nit10_cic100000,4h
2026-08-21T19:00:00,2026-08-21T23:00:00,2026-08-21T23:00:00,392,404,12.0,12.0,352,371,V01_R_VAL_TROCA_E16_POR_E15_nh52_nit10_cic100000,4h
2026-08-21T20:00:00,2026-08-22T00:00:00,2026-08-22T00:00:00,390,393,3.0,3.0,376,386,V01_R_VAL_TROCA_E16_POR_E15_nh52_nit10_cic100000,4h
2026-08-21T21:00:00,2026-08-22T01:00:00,2026-08-22T01:00:00,387,390,3.0,3.0,389,392,V01_R_VAL_TROCA_E16_POR_E15_nh52_nit10_cic100000,4h
2026-08-21T22:00:00,2026-08-22T02:00:00,2026-08-22T02:00:00,383,384,1.0,1.0,391,392,V01_R_VAL_TROCA_E16_POR_E15_nh52_nit10_cic100000,4h
2026-08-21T23:00:00,2026-08-22T03:00:00,2026-08-22T03:00:00,380,384,4.0,4.0,392,391,V01_R_VAL_TROCA_E16_POR_E15_nh52_nit10_cic100000,4h
2026-08-22T00:00:00,2026-08-22T04:00:00,2026-08-22T04:00:00,379,378,-1.0,1.0,390,384,V01_R_VAL_TROCA_E16_POR_E15_nh52_nit10_cic100000,4h
2026-08-22T01:00:00,2026-08-22T05:00:00,2026-08-22T05:00:00,378,377,-1.0,1.0,387,381,V01_R_VAL_TROCA_E16_POR_E15_nh52_nit10_cic100000,4h
2026-08-22T02:00:00,2026-08-22T06:00:00,2026-08-22T06:00:00,377,375,-2.0,2.0,383,381,V01_R_VAL_TROCA_E16_POR_E15_nh52_nit10_cic100000,4h
2026-08-22T03:00:00,2026-08-22T07:00:00,2026-08-22T07:00:00,376,378,2.0,2.0,380,378,V01_R_VAL_TROCA_E16_POR_E15_nh52_nit10_cic100000,4h
2026-08-22T04:00:00,2026-08-22T08:00:00,2026-08-22T08:00:00,374,378,4.0,4.0,379,378,V01_R_VAL_TROCA_E16_POR_E15_nh52_nit10_cic100000,4h
2026-08-22T05:00:00,2026-08-22T09:00:00,2026-08-22T09:00:00,370,376,6.0,6.0,378,377,V01_R_VAL_TROCA_E16_POR_E15_nh52_nit10_cic100000,4h
2026-08-22T06:00:00,2026-08-22T10:00:00,2026-08-22T10:00:00,350,376,26.0,26.0,377,375,V01_R_VAL_TROCA_E16_POR_E15_nh52_nit10_cic100000,4h
2026-08-22T07:00:00,2026-08-22T11:00:00,2026-08-22T11:00:00,317,374,57.0,57.0,376,375,V01_R_VAL_TROCA_E16_POR_E15_nh52_nit10_cic100000,4h
2026-08-22T08:00:00,2026-08-22T12:00:00,2026-08-22T12:00:00,289,355,66.0,66.0,374,357,V01_R_VAL_TROCA_E16_POR_E15_nh52_nit10_cic100000,4h
2026-08-22T09:00:00,2026-08-22T13:00:00,2026-08-22T13:00:00,271,269,-2.0,2.0,370,357,V01_R_VAL_TROCA_E16_POR_E15_nh52_nit10_cic100000,4h
2026-08-22T10:00:00,2026-08-22T14:00:00,2026-08-22T14:00:00,262,254,-8.0,8.0,350,296,V01_R_VAL_TROCA_E16_POR_E15_nh52_nit10_cic100000,4h
2026-08-22T11:00:00,2026-08-22T15:00:00,2026-08-22T15:00:00,259,270,11.0,11.0,317,296,V01_R_VAL_TROCA_E16_POR_E15_nh52_nit10_cic100000,4h
2026-08-22T12:00:00,2026-08-22T16:00:00,2026-08-22T16:00:00,263,274,11.0,11.0,289,264,V01_R_VAL_TROCA_E16_POR_E15_nh52_nit10_cic100000,4h
2026-08-22T13:00:00,2026-08-22T17:00:00,2026-08-22T17:00:00,275,277,2.0,2.0,271,264,V01_R_VAL_TROCA_E16_POR_E15_nh52_nit10_cic100000,4h
2026-08-22T14:00:00,2026-08-22T18:00:00,2026-08-22T18:00:00,293,288,-5.0,5.0,262,259,V01_R_VAL_TROCA_E16_POR_E15_nh52_nit10_cic100000,4h
2026-08-22T15:00:00,2026-08-22T19:00:00,2026-08-22T19:00:00,319,303,-16.0,16.0,259,261,V01_R_VAL_TROCA_E16_POR_E15_nh52_nit10_cic100000,4h
2026-08-22T16:00:00,2026-08-22T20:00:00,2026-08-22T20:00:00,372,318,-54.0,54.0,263,288,V01_R_VAL_TROCA_E16_POR_E15_nh52_nit10_cic100000,4h
2026-08-22T17:00:00,2026-08-22T21:00:00,2026-08-22T21:00:00,404,333,-71.0,71.0,275,288,V01_R_VAL_TROCA_E16_POR_E15_nh52_nit10_cic100000,4h
2026-08-22T18:00:00,2026-08-22T22:00:00,2026-08-22T22:00:00,412,420,8.0,8.0,293,359,V01_R_VAL_TROCA_E16_POR_E15_nh52_nit10_cic100000,4h
2026-08-22T19:00:00,2026-08-22T23:00:00,2026-08-22T23:00:00,413,434,21.0,21.0,319,359,V01_R_VAL_TROCA_E16_POR_E15_nh52_nit10_cic100000,4h
2026-08-22T20:00:00,2026-08-23T00:00:00,2026-08-23T00:00:00,412,416,4.0,4.0,372,399,V01_R_VAL_TROCA_E16_POR_E15_nh52_nit10_cic100000,4h
2026-08-22T21:00:00,2026-08-23T01:00:00,2026-08-23T01:00:00,408,403,-5.0,5.0,404,411,V01_R_VAL_TROCA_E16_POR_E15_nh52_nit10_cic100000,4h
2026-08-22T22:00:00,2026-08-23T02:00:00,2026-08-23T02:00:00,402,401,-1.0,1.0,412,413,V01_R_VAL_TROCA_E16_POR_E15_nh52_nit10_cic100000,4h
2026-08-23T00:00:00,2026-08-23T04:00:00,2026-08-23T04:00:00,387,395,8.0,8.0,412,396,V01_R_VAL_TROCA_E16_POR_E15_nh52_nit10_cic100000,4h
2026-08-23T02:00:00,2026-08-23T06:00:00,2026-08-23T06:00:00,373,374,1.0,1.0,402,396,V01_R_VAL_TROCA_E16_POR_E15_nh52_nit10_cic100000,4h
2026-08-23T03:00:00,2026-08-23T07:00:00,2026-08-23T07:00:00,367,370,3.0,3.0,395,381,V01_R_VAL_TROCA_E16_POR_E15_nh52_nit10_cic100000,4h
2026-08-23T04:00:00,2026-08-23T08:00:00,2026-08-23T08:00:00,363,368,5.0,5.0,387,381,V01_R_VAL_TROCA_E16_POR_E15_nh52_nit10_cic100000,4h
2026-08-23T05:00:00,2026-08-23T09:00:00,2026-08-23T09:00:00,349,364,15.0,15.0,379,375,V01_R_VAL_TROCA_E16_POR_E15_nh52_nit10_cic100000,4h
2026-08-23T06:00:00,2026-08-23T10:00:00,2026-08-23T10:00:00,320,361,41.0,41.0,373,369,V01_R_VAL_TROCA_E16_POR_E15_nh52_nit10_cic100000,4h
2026-08-23T07:00:00,2026-08-23T11:00:00,2026-08-23T11:00:00,288,358,70.0,70.0,367,355,V01_R_VAL_TROCA_E16_POR_E15_nh52_nit10_cic100000,4h
2026-08-23T08:00:00,2026-08-23T12:00:00,2026-08-23T12:00:00,263,281,18.0,18.0,363,355,V01_R_VAL_TROCA_E16_POR_E15_nh52_nit10_cic100000,4h
2026-08-23T09:00:00,2026-08-23T13:00:00,2026-08-23T13:00:00,248,240,-8.0,8.0,349,295,V01_R_VAL_TROCA_E16_POR_E15_nh52_nit10_cic100000,4h
2026-08-23T10:00:00,2026-08-23T14:00:00,2026-08-23T14:00:00,239,248,9.0,9.0,320,295,V01_R_VAL_TROCA_E16_POR_E15_nh52_nit10_cic100000,4h
2026-08-23T11:00:00,2026-08-23T15:00:00,2026-08-23T15:00:00,235,254,19.0,19.0,288,268,V01_R_VAL_TROCA_E16_POR_E15_nh52_nit10_cic100000,4h
2026-08-23T12:00:00,2026-08-23T16:00:00,2026-08-23T16:00:00,236,256,20.0,20.0,263,241,V01_R_VAL_TROCA_E16_POR_E15_nh52_nit10_cic100000,4h
2026-08-23T13:00:00,2026-08-23T17:00:00,2026-08-23T17:00:00,243,256,13.0,13.0,248,235,V01_R_VAL_TROCA_E16_POR_E15_nh52_nit10_cic100000,4h
2026-08-23T14:00:00,2026-08-23T18:00:00,2026-08-23T18:00:00,257,262,5.0,5.0,239,235,V01_R_VAL_TROCA_E16_POR_E15_nh52_nit10_cic100000,4h
