CD_MUN;NM_MUN;CD_REGIAO;NM_REGIAO;CD_UF;NM_UF;CD_NU;NM_NU;CD_AGLOM;NM_AGLOM;CD_RGINT;NM_RGINT;CD_RGI;NM_RGI;CD_CONCURB;NM_CONCURB;AREA_KM2;v0001;v0002;v0003;v0004;v0005;v0006;v0007;v0008;v0009;V01006;V01007;V01008;V01009;V01010;V01011;V01012;V01013;V01014;V01015;V01016;V01017;V01018;V01019;V01020;V01021;V01022;V01023;V01024;V01025;V01026;V01027;V01028;V01029;V01030;V01031;V01032;V01033;V01034;V01035;V01036;V01037;V01038;V01039;V01040;V01041;V01317;V01318;V01319;V01320;V01321;V01322;V01323;V01324;V01325;V01326;V01327;V01328;V01329;V01330;V01331;V01332;V01333;V01334;V01335;V01336;V01337;V01338;V01339;V01340;V01341;V01342;V01343;V01344;V01345;V01346;V01347;V01348;V01349;V01350;V01351;V01352;V01353;V01354;V01355;V01356;V01357;V01358;V01359;V01360;V01361;V01362;V01363;V01364;V01365;V01366;V01367;V01368;V01369;V01370;V01371;V01372;V01373;V01374;V01375;V01376;V01377;V01378;V01379;V01380;V01381;V01382;V01383;V01384;V01385;V01386;V01387;V01388;V01389;V01390;V01391;V01392;V01393;V01394;V01395;V01396;V01397;V01398;V01399;V01400;V01401;V01402;V01403;V01404;V01405;V01406;V01407;V01408;V01409;V01410;V01411
4300059;Água Santa;4;Sul;43;Rio Grande do Sul;.;;430005900002;Aldeia Indígena Campo do Meio;4306;Passo Fundo;430032;Tapejara - Sananduva;.;;291,5033209;3912;1596;1596;0;2,8;0,0087;1382;70;144;3902;1923;1979;120;110;114;117;117;136;267;229;258;223;160;113;128;126;129;120;118;261;227;265;226;190;240;242;250;256;244;265;540;464;531;460;359;3059;44;0;383;395;1511;19;0;205;177;1545;20;0;178;218;1124;10;0;130;101;649;471;8;0;0;0;85;42;76;20;0;24;225;436;413;0;0;0;4;0;0;0;0;0;0;0;0;35;34;52;0;10;37;32;10;529;6;0;93;115;561;6;0;75;125;1253;19;0;125;126;708;4;0;81;22;170;0;0;23;28;1336;17;0;173;142;168;0;0;29;44;1372;15;0;144;172
4300661;André da Rocha;4;Sul;43;Rio Grande do Sul;.;;.;;4307;Caxias do Sul;430038;Nova Prata - Guaporé;.;;331,2081930;1135;644;640;4;2,6;0,0160;437;117;86;1135;593;542;32;36;36;29;42;45;88;68;75;80;62;22;31;30;27;33;34;67;68;82;74;68;56;67;66;58;77;79;155;136;157;154;130;800;68;5;256;5;430;30;3;127;0;370;38;0;129;3;312;31;0;89;3;186;126;16;15;0;0;44;45;0;0;0;7;62;112;130;0;0;5;15;3;0;0;0;0;0;0;4;27;36;18;0;0;0;0;0;126;10;0;50;0;121;14;0;78;0;320;31;4;89;3;233;9;0;39;0;48;0;0;18;0;382;29;0;109;0;35;0;0;16;0;335;35;0;112;3
4300703;Anta Gorda;4;Sul;43;Rio Grande do Sul;.;;.;;4308;Santa Cruz do Sul - Lajeado;430043;Encantado;.;;242,0995828;5957;2759;2758;1;2,7;0,0058;2236;304;218;5957;2982;2975;144;153;133;151;135;205;433;379;457;442;339;129;134;144;136;162;181;409;359;431;416;459;274;289;279;287;305;391;842;738;888;859;798;5598;59;0;296;0;2808;17;0;147;0;2790;33;0;141;0;2099;18;0;109;0;1418;681;0;3;0;0;73;27;0;0;0;48;416;733;885;0;0;0;0;0;0;0;0;0;0;0;3;30;37;15;0;0;0;0;0;763;9;0;60;0;902;6;0;67;0;2319;21;0;116;0;1614;0;0;26;0;276;0;0;8;0;2527;13;0;128;0;234;3;0;13;0;2554;28;0;117;0
4300802;Antônio Prado;4;Sul;43;Rio Grande do Sul;4300802003;Loteamento Estrada Velha;.;;4307;Caxias do Sul;430036;Caxias do Sul;.;;347,5412067;13045;6179;6177;2;2,6;0,0419;5010;651;516;13025;6424;6601;295;301;298;306;393;465;888;792;1029;831;667;290;310;303;253;384;426;854;867;993;858;884;610;654;631;589;804;908;1759;1666;2037;1712;1567;11071;418;0;1500;4;5430;215;0;742;0;5641;177;0;745;0;4350;153;0;453;0;2831;1510;69;66;0;0;210;209;0;0;0;83;811;1652;1757;0;3;36;48;15;0;0;0;0;0;0;24;120;161;59;0;0;0;0;0;1471;60;0;361;0;1844;67;0;375;0;4654;185;0;587;0;3094;42;0;108;0;468;14;0;97;0;4948;187;0;613;0;490;6;0;100;0;5136;153;0;623;0
4301008;Arroio do Meio;4;Sul;43;Rio Grande do Sul;.;;430100800001;Comunidade Quilombola São Roque;4308;Santa Cruz do Sul - Lajeado;430041;Lajeado;4311403;Lajeado/RS;157,0875182;21958;9791;9778;13;2,6;0,0105;8407;428;943;21958;10868;11090;665;682;597;543;663;800;1809;1541;1500;1189;832;619;640;526;543;665;809;1750;1528;1544;1279;1144;1294;1326;1132;1102;1336;1613;3563;3075;3048;2471;1980;19260;635;0;2041;0;9445;339;0;1060;0;9815;275;0;974;0;7431;251;0;713;0;4523;2905;147;73;0;0;394;290;0;0;13;220;1867;2856;2440;0;0;89;67;19;0;0;0;0;0;0;28;237;244;122;0;0;0;0;0;3228;75;0;419;0;3349;168;0;509;0;8510;291;0;860;0;4171;31;0;208;0;1164;17;0;139;0;8280;304;0;901;0;1088;16;0;122;0;8724;241;0;834;0
4301404;Arvorezinha;4;Sul;43;Rio Grande do Sul;.;;.;;4306;Passo Fundo;430031;Soledade;.;;269,3102574;10322;4584;4582;2;2,6;0,0023;3931;275;376;10317;5155;5162;317;284;253;326;320;395;754;712;707;612;464;285;267;267;286;356;384;691;687;676;601;651;602;553;523;614;679;781;1445;1403;1383;1213;1116;9161;211;0;939;0;4533;112;0;500;0;4628;93;0;429;0;3534;72;0;311;0;2607;925;46;21;0;0;239;63;0;0;0;94;773;1328;1316;0;3;9;20;13;0;0;0;0;0;0;15;94;122;58;0;0;0;0;0;1436;17;0;212;0;1771;44;0;244;0;3761;96;0;361;0;2192;22;0;99;0;516;0;0;74;0;4016;106;0;418;0;480;3;0;46;0;4148;77;0;368;0
4301651;Barão;4;Sul;43;Rio Grande do Sul;4301651005;3;.;;4307;Caxias do Sul;430037;Bento Gonçalves;.;;124,7571227;6461;3003;3001;2;2,7;0,0136;2428;369;204;6443;3248;3195;193;177;149;154;192;229;531;494;463;356;237;172;174;130;167;191;204;494;448;432;330;362;379;364;289;335;388;454;1027;947;905;694;607;5815;77;0;531;0;2912;30;0;277;0;2903;36;0;239;0;2212;26;0;152;0;1464;746;16;8;0;0;96;40;0;0;0;53;510;887;735;0;0;13;5;0;0;0;0;0;0;0;12;51;54;16;0;0;0;0;0;929;13;0;96;0;1023;19;0;127;0;2596;33;0;231;0;1262;0;0;34;0;340;3;0;35;0;2566;26;0;232;0;324;3;0;23;0;2575;27;0;208;0
4302006;Barros Cassal;4;Sul;43;Rio Grande do Sul;.;;.;;4306;Passo Fundo;430031;Soledade;.;;647,9937248;9296;4827;4824;3;2,5;0,0000;3697;333;794;9296;4723;4573;267;273;266;348;298;284;604;684;659;615;425;274;266;273;341;288;260;593;632;630;577;437;543;539;539;689;586;544;1197;1316;1289;1192;862;6779;233;0;2277;3;3375;125;0;1216;3;3404;99;0;1061;0;2622;102;0;959;3;1644;978;65;31;0;0;668;291;3;0;0;113;525;1011;960;0;3;11;31;29;0;0;0;0;0;0;41;194;423;282;0;0;0;0;0;1245;10;0;357;0;1299;36;0;473;0;2692;103;0;997;0;1543;48;0;450;0;416;4;0;108;0;2959;118;0;1099;3;430;4;0;101;0;2974;92;0;957;0
4302105;Bento Gonçalves;4;Sul;43;Rio Grande do Sul;.;;430210500036;Aldeia Indígena Kaigang Sór Mág;4307;Caxias do Sul;430037;Bento Gonçalves;4302105;Bento Gonçalves/RS;272,2874352;123151;55648;55535;113;2,5;0,0390;48821;1762;4952;123140;59689;63451;3469;3823;3126;3241;4225;4710;10746;9178;7242;5530;4115;3416;3636;2979;3233;4119;4995;10979;9286;8096;6689;5761;6938;7503;6153;6524;8386;9745;21742;18476;15348;12249;9935;99579;5070;34;18252;79;47563;2719;10;9223;38;52014;2238;9;9006;20;39665;2104;0;6878;12;22028;17630;1286;690;0;0;3724;3066;10;0;15;1572;10841;15062;12010;0;61;859;685;103;0;0;0;0;0;7;563;2632;2471;817;0;0;6;3;0;16295;673;4;3476;20;18192;1204;0;5110;28;44859;2558;3;7980;16;20222;227;0;1476;0;5796;188;0;1122;5;41758;2413;4;7986;29;5653;171;0;1017;4;46345;1949;0;7846;16
4302253;Boa Vista do Sul;4;Sul;43;Rio Grande do Sul;.;;.;;4307;Caxias do Sul;430037;Bento Gonçalves;.;;94,3986436;2779;1292;1291;1;2,6;0,0038;1053;122;116;2779;1432;1347;45;54;59;77;81;67;160;203;255;226;194;58;67;61;56;57;64;170;176;214;183;231;111;124;123;136;138;133;330;379;469;409;425;2566;41;0;166;0;1314;17;0;92;0;1252;17;0;74;0;972;14;0;57;0;686;286;4;4;0;0;29;18;0;0;0;8;122;361;470;0;0;0;5;0;0;0;0;0;0;0;9;7;19;0;0;0;0;0;0;309;3;0;38;0;361;6;0;34;0;1083;24;0;65;0;813;0;0;10;0;86;0;0;9;0;1228;14;0;77;0;117;0;0;6;0;1135;16;0;61;0
4302303;Bom Jesus;4;Sul;43;Rio Grande do Sul;.;;.;;4307;Caxias do Sul;430039;Vacaria;.;;2622,8366863;11202;5436;5426;10;2,7;0,0202;4201;554;671;11180;5554;5626;407;390;345;351;427;366;738;727;705;495;490;379;361;397;372;395;375;751;717;654;572;544;805;764;759;741;840;756;1500;1445;1376;1082;1057;7406;411;3;3329;18;3580;190;3;1746;7;3826;179;0;1583;8;2747;170;3;1248;0;1354;1388;72;72;3;0;592;632;0;0;7;134;636;978;929;0;0;24;54;33;0;0;0;0;0;3;79;313;469;308;0;0;0;0;0;1621;36;0;653;4;1452;68;0;792;8;2791;160;0;1340;3;1531;59;0;516;0;572;0;0;201;3;3000;174;3;1520;4;529;0;0;180;0;3289;156;0;1384;7
4302402;Bom Retiro do Sul;4;Sul;43;Rio Grande do Sul;.;;.;;4308;Santa Cruz do Sul - Lajeado;430041;Lajeado;4311403;Lajeado/RS;102,5395949;12294;5861;5853;8;2,5;0,0105;4865;345;643;12292;6057;6235;417;373;399;395;424;448;925;777;790;659;432;342;373;358;360;387;435;894;857;877;731;602;763;749;761;755;816;883;1819;1635;1670;1392;1037;10489;643;0;1145;7;5163;293;0;583;6;5326;336;0;557;0;4202;264;0;382;0;2259;1943;117;129;0;0;196;175;0;0;9;192;1034;1584;1369;0;3;64;96;52;0;0;0;0;0;0;14;111;137;66;0;0;0;0;0;1895;66;0;297;0;1982;144;0;318;0;4426;294;0;395;0;2184;102;0;118;0;658;8;0;97;0;4502;273;0;474;0;608;14;0;71;0;4718;306;0;474;0
4302451;Boqueirão do Leão;4;Sul;43;Rio Grande do Sul;.;;.;;4308;Santa Cruz do Sul - Lajeado;430041;Lajeado;.;;265,9517733;6247;3112;3110;2;2,5;0,0000;2449;182;479;6247;3175;3072;191;173;173;205;199;177;489;445;483;412;228;162;179;203;214;170;183;465;423;438;358;277;353;352;376;419;369;360;954;868;921;770;505;4799;135;0;1305;0;2405;74;0;690;0;2394;56;0;615;0;1844;65;0;536;0;1187;657;32;19;0;0;341;195;0;0;0;72;393;728;642;0;0;10;21;7;0;0;0;0;0;0;26;130;237;131;0;0;0;0;0;811;9;0;256;0;858;29;0;254;0;2089;60;0;587;0;1041;14;0;206;0;279;0;0;79;0;2126;70;0;609;0;265;0;0;72;0;2129;50;0;543;0
4302659;Brochier;4;Sul;43;Rio Grande do Sul;.;;.;;4301;Porto Alegre;430007;Montenegro;.;;105,3527157;4966;2535;2533;2;2,4;0,0000;2020;190;323;4966;2479;2487;137;111;124;114;149;147;332;335;364;310;277;112;111;109;157;140;143;323;304;357;321;333;251;232;238;275;301;305;662;650;731;651;620;4550;126;0;272;0;2280;50;0;128;0;2270;63;0;130;0;1874;36;0;82;0;1288;583;15;14;0;0;51;20;0;0;0;48;369;712;716;0;0;8;9;0;0;0;0;0;0;0;3;17;21;3;0;0;0;0;0;649;3;0;63;0;801;18;0;57;0;1868;60;0;101;0;1225;4;0;14;0;225;0;0;18;0;2046;47;0;104;0;196;0;0;12;0;2063;55;0;107;0
4303558;Camargo;4;Sul;43;Rio Grande do Sul;.;;.;;4306;Passo Fundo;430030;Marau;.;;138,0685809;2981;1306;1306;0;2,6;0,0071;1128;80;98;2971;1484;1487;95;80;68;82;89;98;232;179;219;168;151;99;86;75;79;89;85;210;191;200;168;184;198;167;147;167;178;186;449;370;421;341;339;2490;53;0;424;0;1241;22;0;220;0;1249;31;0;204;0;948;18;0;158;0;612;331;10;8;0;0;93;63;0;0;0;24;213;350;356;0;0;6;9;0;0;0;0;0;0;0;12;57;50;35;0;0;0;0;0;420;10;0;81;0;421;15;0;100;0;1031;23;0;186;0;617;5;0;56;0;148;0;0;24;0;1092;20;0;194;0;152;5;0;30;0;1097;26;0;173;0
4303608;Cambará do Sul;4;Sul;43;Rio Grande do Sul;.;;430360800003;Ouro Verde;4307;Caxias do Sul;430036;Caxias do Sul;.;;1181,8113682;6361;3343;3270;73;2,6;0,0017;2422;473;375;6342;3246;3096;217;184;217;211;239;241;475;434;428;320;247;201;198;184;192;211;207;474;406;399;321;267;422;391;417;408;450;458;949;840;830;647;514;5067;252;0;1013;0;2543;145;0;548;0;2524;99;0;464;0;1909;117;0;379;0;1067;841;72;34;0;0;226;143;0;0;0;90;491;721;590;0;0;21;50;18;0;0;0;0;0;0;18;90;143;94;0;0;0;0;0;1002;23;0;192;0;1026;49;0;237;0;2080;118;0;418;0;957;38;0;153;0;332;6;0;54;0;2209;136;0;477;0;330;3;0;52;0;2192;92;0;402;0
4303673;Campestre da Serra;4;Sul;43;Rio Grande do Sul;4303673003;Guacho;.;;4307;Caxias do Sul;430036;Caxias do Sul;.;;538,4873722;3242;1819;1818;1;2,5;0,0023;1284;310;224;3242;1667;1575;73;79;81;76;106;111;170;233;277;232;196;74;66;88;77;100;81;183;204;259;209;204;159;151;174;159;208;194;357;438;537;444;404;2661;73;0;505;0;1360;33;0;267;0;1301;32;0;236;0;1060;28;0;192;0;764;296;21;3;0;0;137;44;0;0;0;20;166;413;453;0;0;11;5;0;0;0;0;0;0;0;6;23;79;54;0;0;0;0;0;405;11;0;67;0;433;20;0;114;0;1079;26;0;222;0;744;7;0;90;0;136;0;0;10;0;1222;32;0;242;0;126;3;0;9;0;1174;27;0;215;0
4304614;Canudos do Vale;4;Sul;43;Rio Grande do Sul;.;;.;;4308;Santa Cruz do Sul - Lajeado;430041;Lajeado;.;;82,9080018;1656;804;804;0;2,6;0,0093;648;56;100;1656;857;799;35;38;33;38;41;37;92;133;170;136;102;34;25;34;41;36;38;115;89;126;131;130;69;63;69;79;77;75;207;222;296;267;232;1590;24;0;39;0;827;12;0;13;0;763;9;0;24;0;625;7;0;10;0;483;142;0;0;0;0;7;0;0;0;0;8;89;251;272;0;0;0;0;0;0;0;0;0;0;0;0;0;3;0;0;0;0;0;0;191;0;0;4;0;222;0;0;3;0;688;12;0;22;0;489;4;0;3;0;69;0;0;0;0;758;12;0;10;0;58;0;0;0;0;705;8;0;24;0
4304622;Capão Bonito do Sul;4;Sul;43;Rio Grande do Sul;.;;.;;4306;Passo Fundo;430033;Lagoa Vermelha;.;;526,8495951;1733;986;986;0;2,5;0,0014;691;205;90;1733;908;825;46;61;40;61;45;44;117;125;138;118;96;38;53;40;55;39;47;122;111;102;111;83;88;119;85;120;87;95;240;238;240;229;181;1205;27;0;497;0;616;10;0;277;0;589;13;0;219;0;469;8;0;204;0;252;217;3;3;0;0;123;79;0;0;0;10;104;170;179;0;0;0;0;0;0;0;0;0;0;0;5;40;78;68;0;0;0;0;0;206;3;0;86;0;207;6;0;86;0;497;6;0;213;0;293;4;0;106;0;76;0;0;26;0;537;9;0;242;0;69;0;0;18;0;517;12;0;194;0
4304697;Capitão;4;Sul;43;Rio Grande do Sul;.;;.;;4308;Santa Cruz do Sul - Lajeado;430041;Lajeado;.;;73,9670910;2921;1213;1213;0;2,8;0,0085;1054;63;96;2921;1478;1443;90;104;74;94;98;94;215;198;187;191;133;86;88;84;93;91;94;194;174;165;189;181;178;192;160;187;189;188;409;372;352;380;314;2644;58;4;215;0;1336;32;0;108;0;1308;22;3;107;0;966;20;0;63;0;653;313;12;8;0;0;36;25;0;0;0;28;189;346;398;0;0;3;9;0;0;0;0;0;0;0;3;10;29;8;0;0;0;0;0;467;3;0;54;0;480;16;0;67;0;1022;24;0;80;0;675;0;0;9;0;166;0;0;18;0;1170;28;0;85;0;157;0;0;12;0;1151;22;3;89;0
4304804;Carlos Barbosa;4;Sul;43;Rio Grande do Sul;4304804001;São Sebastião de Castro;.;;4307;Caxias do Sul;430037;Bento Gonçalves;4302105;Bento Gonçalves/RS;230,0614384;30420;13745;13734;11;2,6;0,0169;11652;1030;1052;30415;15106;15309;860;843;777;892;1037;1097;2625;2221;1971;1604;1041;772;810;731;800;932;1162;2549;2310;2091;1654;1337;1661;1680;1541;1725;1985;2282;5185;4543;4075;3269;2396;26683;690;3;2991;12;13179;341;0;1524;3;13504;313;3;1446;0;10320;264;0;1006;0;6347;3961;135;75;0;0;615;360;0;0;11;300;2639;4083;3226;0;6;77;68;4;0;0;0;0;0;0;95;366;349;82;0;0;0;0;0;4183;62;0;588;0;4892;189;0;887;0;12178;321;0;1263;0;5415;15;0;158;0;1488;6;0;161;0;11682;314;0;1313;3;1387;0;0;157;0;12108;285;3;1239;0
4304903;Casca;4;Sul;43;Rio Grande do Sul;.;;.;;4306;Passo Fundo;430030;Marau;.;;272,0408731;9465;4244;4238;6;2,6;0,0000;3621;303;314;9455;4617;4838;270;254;223;213;285;347;727;629;632;581;435;227;246;219;255;324;353;691;602;666;627;609;497;501;447;475;614;707;1418;1231;1298;1211;1047;8096;211;0;1140;0;3920;130;0;558;0;4176;76;0;581;0;3150;77;0;376;0;2024;1126;51;15;0;0;223;146;0;0;3;120;679;1092;1236;0;8;23;21;6;0;0;0;0;0;0;28;126;151;48;0;0;0;0;0;1147;32;0;267;0;1438;53;0;298;0;3353;101;0;483;0;2158;11;0;80;0;415;8;0;85;0;3505;111;0;465;0;383;3;0;81;0;3793;68;0;497;0
4304952;Caseiros;4;Sul;43;Rio Grande do Sul;.;;.;;4306;Passo Fundo;430033;Lagoa Vermelha;.;;235,8633105;3000;1325;1324;1;2,7;0,0000;1110;112;102;3000;1524;1476;106;76;92;106;97;104;180;175;233;167;153;70;89;91;73;86;89;180;184;232;177;179;181;174;185;184;190;201;360;361;467;344;335;2370;40;0;583;4;1186;21;0;309;0;1184;16;0;273;0;857;20;0;226;0;581;276;11;5;0;0;154;64;0;0;0;27;166;339;311;0;0;3;7;3;0;0;0;0;0;0;3;33;83;86;0;0;0;0;0;439;0;0;98;0;460;0;0;110;0;921;23;0;241;0;546;10;0;120;0;161;0;0;22;0;1024;20;0;281;0;139;0;0;22;0;1045;16;0;246;0
4305108;Caxias do Sul;4;Sul;43;Rio Grande do Sul;4305108001;Altos de Galópolis;.;;4307;Caxias do Sul;430036;Caxias do Sul;4305108;Caxias do Sul/RS;1652,3195490;463501;220438;220286;152;2,5;0,0431;184911;8612;26763;463026;223905;239121;12741;14039;13717;14198;16095;17167;37557;34580;27637;21557;14118;12374;13295;13018;13578;15945;17332;39020;35905;30916;26049;21214;25219;27425;26824;27860;32120;34584;76602;70513;58590;47653;35458;354082;21875;194;86202;212;168032;11383;43;43930;79;186048;10244;63;42239;41;141975;9457;24;32928;43;73777;68184;4986;3998;3;3;17646;15166;16;3;135;6116;37191;55149;42868;0;258;2891;3525;1219;0;0;3;3;0;54;2139;10694;12824;6148;0;0;0;6;0;59599;2586;3;16792;11;67770;4885;12;21427;7;156553;11002;24;37617;50;70134;2214;3;10034;0;20373;500;0;5218;6;147621;10411;26;38427;70;19603;475;0;4855;0;166407;9307;49;37045;38
4305504;Ciríaco;4;Sul;43;Rio Grande do Sul;.;;.;;4306;Passo Fundo;430030;Marau;.;;274,3495885;4149;2021;2021;0;2,5;0,0000;1681;103;237;4143;2062;2081;107;102;90;132;110;137;261;250;299;279;253;99;93;111;100;109;142;252;246;307;276;305;206;203;207;241;225;285;518;501;608;557;565;3174;134;0;825;0;1572;73;0;410;0;1602;54;0;414;0;1299;63;0;307;0;844;449;40;17;0;0;203;96;0;0;0;27;249;446;559;0;0;6;25;5;0;0;0;0;0;0;8;68;112;101;0;0;0;0;0;460;15;0;145;0;547;20;0;181;0;1228;65;0;332;0;936;14;0;159;0;162;3;0;41;0;1408;64;0;364;0;142;0;0;35;0;1456;48;0;366;0
4305587;Colinas;4;Sul;43;Rio Grande do Sul;.;;.;;4308;Santa Cruz do Sul - Lajeado;430041;Lajeado;.;;60,7319533;2423;1137;1136;1;2,6;0,0011;948;67;121;2416;1214;1202;63;79;69;60;52;63;172;159;159;172;166;35;59;54;61;46;55;170;156;167;177;217;102;138;123;121;99;118;342;315;326;349;383;2251;26;0;133;0;1123;18;0;71;0;1128;5;0;60;0;886;9;0;44;0;479;407;5;0;0;0;25;18;0;0;0;12;159;317;394;0;0;0;0;0;0;0;0;0;0;0;0;15;13;9;0;0;0;0;0;338;0;0;17;0;293;4;0;34;0;910;13;0;54;0;710;0;0;17;0;133;0;0;3;0;990;17;0;61;0;92;0;0;3;0;1036;5;0;54;0
4305835;Coqueiro Baixo;4;Sul;43;Rio Grande do Sul;.;;.;;4308;Santa Cruz do Sul - Lajeado;430041;Lajeado;.;;112,6383186;1290;688;688;0;2,6;0,0040;502;64;122;1290;658;632;22;17;19;17;24;20;67;76;119;105;131;21;8;23;23;17;12;54;59;101;108;156;46;35;43;50;47;39;124;144;220;215;287;1185;46;0;50;0;609;22;0;21;0;576;24;0;24;0;466;16;0;7;0;302;164;9;7;0;0;3;4;0;0;0;0;46;149;264;0;0;0;10;3;0;0;0;0;0;0;0;0;3;3;0;0;0;0;0;124;3;0;0;0;128;7;0;4;0;446;25;0;18;0;481;6;0;5;0;42;0;0;0;0;564;19;0;16;0;32;0;0;0;0;539;22;0;22;0
4305934;Coronel Pilar;4;Sul;43;Rio Grande do Sul;.;;.;;4307;Caxias do Sul;430037;Bento Gonçalves;.;;105,6684031;1607;798;796;2;2,8;0,0053;565;90;141;1607;829;778;25;17;28;52;41;45;88;94;144;159;112;23;29;21;33;34;37;76;91;127;132;156;59;55;61;87;79;87;164;185;271;291;268;1485;11;0;104;0;758;8;0;61;0;727;3;0;38;0;526;6;0;25;0;443;83;6;0;0;0;22;0;0;0;0;3;49;188;280;0;0;0;0;0;0;0;0;0;0;0;0;0;13;0;0;0;0;0;0;153;0;0;11;0;219;0;0;28;0;567;5;0;45;0;546;0;0;3;0;47;0;0;3;0;711;8;0;53;0;54;0;0;3;0;673;3;0;34;0
4305959;Cotiporã;4;Sul;43;Rio Grande do Sul;.;;.;;4307;Caxias do Sul;430037;Bento Gonçalves;.;;173,2074067;3846;1854;1843;11;2,7;0,0056;1433;285;125;3846;1964;1882;84;83;70;83;112;107;304;246;322;303;239;81;71;69;81;89;109;229;237;284;295;323;166;158;140;168;203;221;535;483;606;598;562;3560;22;0;255;0;1833;7;0;117;0;1727;11;0;138;0;1333;7;0;90;0;828;505;3;4;0;0;42;46;0;0;0;19;222;465;617;0;0;0;3;0;0;0;0;0;0;0;6;22;36;11;0;0;0;0;0;427;3;0;38;0;519;6;0;61;0;1493;11;0;115;0;1121;0;0;36;0;154;0;0;8;0;1677;6;0;103;0;142;0;0;3;0;1581;10;0;129;0
4306205;Cruzeiro do Sul;4;Sul;43;Rio Grande do Sul;.;;430620500001;Aldeia Indígena Kaingang de Cruzeiro do Sul / Coqueiro Grande;4308;Santa Cruz do Sul - Lajeado;430041;Lajeado;4311403;Lajeado/RS;155,0583032;11600;5723;5720;3;2,5;0,0129;4589;510;621;11600;5798;5802;286;308;297;357;371;381;786;773;870;772;553;294;282;274;310;324;338;786;814;843;739;736;596;603;592;672;702;728;1573;1587;1720;1515;1290;9938;384;0;1230;31;4913;197;0;653;13;5025;171;0;569;18;3922;167;0;470;11;2336;1584;83;70;0;0;274;178;6;5;0;102;780;1525;1490;0;0;33;61;34;0;0;0;0;0;3;24;117;166;118;0;0;3;5;0;1481;35;0;240;15;1703;79;0;292;6;4198;171;0;486;9;2554;54;0;180;0;509;5;0;61;5;4402;181;0;575;8;494;6;0;58;8;4530;152;0;494;10
4306304;David Canabarro;4;Sul;43;Rio Grande do Sul;.;;.;;4306;Passo Fundo;430030;Marau;.;;174,7342420;4321;1966;1965;1;2,6;0,0000;1658;109;198;4321;2171;2150;103;108;114;128;137;142;254;309;344;295;237;107;106;108;127;99;140;277;290;315;306;273;210;214;222;255;238;282;531;599;659;601;510;3749;118;0;440;9;1874;63;0;229;0;1875;55;0;211;7;1452;46;0;156;0;998;454;31;13;0;0;110;45;0;0;0;34;265;554;594;0;0;8;16;11;0;0;0;0;0;0;3;30;76;40;0;0;0;0;0;547;18;0;75;6;655;17;0;99;0;1536;56;0;193;0;1011;22;0;73;0;180;7;0;20;0;1694;55;0;207;0;182;7;0;17;4;1693;48;0;191;3
4306452;Dois Lajeados;4;Sul;43;Rio Grande do Sul;.;;.;;4307;Caxias do Sul;430038;Nova Prata - Guaporé;.;;133,5347898;3097;1489;1487;2;2,7;0,0284;1161;191;135;3097;1535;1562;79;80;66;70;73;77;201;239;231;206;205;65;66;86;65;50;88;214;188;258;204;271;148;147;155;137;128;165;415;427;489;410;476;2885;29;0;179;0;1428;11;0;87;0;1457;10;0;87;0;1084;10;0;60;0;778;306;4;0;0;0;42;16;0;0;0;16;178;419;466;0;0;0;3;0;0;0;0;0;0;0;3;22;16;0;0;0;0;0;0;411;0;0;29;0;372;3;0;50;0;1235;12;0;77;0;867;0;0;7;0;149;0;0;8;0;1279;10;0;75;0;120;0;0;0;0;1337;10;0;74;0
4306759;Doutor Ricardo;4;Sul;43;Rio Grande do Sul;.;;.;;4308;Santa Cruz do Sul - Lajeado;430043;Encantado;.;;107,9603984;1888;927;927;0;2,7;0,0070;710;75;142;1888;970;918;42;49;40;53;53;59;123;106;149;162;127;34;22;37;37;53;50;109;117;153;123;163;77;76;83;94;110;111;232;223;302;287;290;1644;48;0;188;0;848;21;0;96;0;796;23;0;91;0;631;18;0;56;0;401;230;8;6;0;0;27;24;0;0;0;11;100;230;286;0;0;6;7;0;0;0;0;0;0;0;0;9;13;14;0;0;0;0;0;184;8;0;43;0;258;8;0;46;0;661;23;0;66;0;541;3;0;28;0;75;0;0;7;0;772;19;0;81;0;45;4;0;6;0;751;19;0;79;0
4306809;Encantado;4;Sul;43;Rio Grande do Sul;4306809001;Barra de Guaporé;.;;4308;Santa Cruz do Sul - Lajeado;430043;Encantado;.;;140,0062989;22962;10323;10308;15;2,5;0,0342;9040;414;854;22889;11030;11859;647;710;575;578;723;758;1726;1568;1483;1223;1005;613;658;571;613;736;840;1709;1641;1602;1379;1456;1272;1370;1153;1195;1462;1606;3438;3213;3085;2604;2461;18794;1323;3;2750;4;8944;667;0;1402;0;9850;649;0;1348;0;7558;484;0;975;0;4149;3403;253;206;0;0;546;411;0;0;9;261;1682;2777;2797;0;16;197;168;34;0;0;0;0;0;0;62;307;392;157;0;0;0;0;0;2969;236;0;567;0;3243;295;0;717;0;7908;660;0;1159;0;4672;76;0;283;0;1067;83;0;180;0;7876;565;0;1207;0;994;76;0;178;0;8853;557;0;1156;0
4307807;Estrela;4;Sul;43;Rio Grande do Sul;4307807001;Loteamento Nova Morada;.;;4308;Santa Cruz do Sul - Lajeado;430041;Lajeado;4311403;Lajeado/RS;185,0262325;32183;14528;14517;11;2,6;0,0270;12424;648;1445;32175;15573;16602;997;1063;894;928;1005;1088;2376;2212;2000;1763;1210;940;1042;878;871;1015;1090;2470;2251;2231;1980;1778;1946;2109;1788;1810;2036;2187;4848;4467;4233;3745;2991;27688;1350;5;3007;89;13303;681;3;1494;51;14385;641;0;1501;36;10799;538;0;1026;15;6170;4628;290;206;0;0;562;436;7;8;3;374;2513;4083;3791;0;12;169;183;64;0;0;0;0;0;0;86;313;365;151;0;0;4;9;0;4878;206;0;693;35;4862;303;0;807;20;11665;632;0;1180;30;6280;119;0;274;0;1731;59;0;204;17;11572;603;0;1257;34;1655;50;0;213;10;12727;558;0;1256;23
4307864;Fagundes Varela;4;Sul;43;Rio Grande do Sul;.;;.;;4307;Caxias do Sul;430037;Bento Gonçalves;.;;134,2951454;2566;1129;1129;0;2,9;0,0000;883;140;106;2566;1301;1265;55;65;56;68;76;83;160;182;187;214;155;51;50;71;76;63;69;158;183;167;188;189;106;115;127;144;139;152;318;365;354;402;344;2241;41;0;281;0;1137;20;0;143;0;1104;21;0;138;0;795;13;0;75;0;607;188;0;4;0;0;51;24;0;0;0;10;106;295;380;0;0;3;0;0;0;0;0;0;0;0;4;27;32;6;0;0;0;0;0;272;6;0;68;0;343;7;0;81;0;900;19;0;115;0;726;3;0;12;0;99;0;0;18;0;1038;19;0;123;0;81;0;0;16;0;1023;19;0;120;0
4307906;Farroupilha;4;Sul;43;Rio Grande do Sul;4307906009;Vila Rica;.;;4307;Caxias do Sul;430036;Caxias do Sul;4305108;Caxias do Sul/RS;361,3412387;70286;31754;31725;29;2,6;0,0366;27014;1444;3267;70248;34086;36162;1941;2028;1923;1983;2459;2643;5612;4958;4692;3430;2132;1967;1946;1847;2066;2358;2670;5778;5220;5076;3905;3032;3956;4015;3807;4089;4861;5344;11414;10207;9794;7381;5213;57277;2083;7;10703;84;27570;1038;0;5339;33;29707;970;3;5334;35;22133;859;0;3873;20;12455;9665;450;302;0;0;2184;1646;10;7;3;809;5502;8862;6783;0;25;239;277;68;0;0;0;0;0;0;251;1247;1559;572;0;0;6;4;0;9404;192;0;2076;27;10886;450;0;2851;16;25645;1038;0;4641;16;11316;150;0;1009;0;3239;18;0;598;7;24314;943;0;4667;20;3143;35;0;641;10;26538;885;0;4624;24
4308078;Fazenda Vilanova;4;Sul;43;Rio Grande do Sul;.;;.;;4308;Santa Cruz do Sul - Lajeado;430041;Lajeado;4311403;Lajeado/RS;84,7940159;4291;2078;2077;1;2,6;0,0170;1648;155;274;4291;2119;2172;123;141;143;159;142;153;276;302;285;203;175;136;160;147;154;148;136;316;313;247;206;195;262;302;292;313;292;294;594;615;534;413;372;3550;215;0;521;0;1743;100;0;271;0;1807;111;0;248;0;1351;94;0;197;0;663;688;39;50;0;0;97;100;0;0;4;64;346;513;418;0;8;19;40;14;0;0;0;0;0;0;20;51;73;45;0;0;0;0;0;698;21;0;133;0;720;49;0;131;0;1447;105;0;185;0;685;27;0;67;0;223;3;0;30;0;1518;91;0;237;0;241;3;0;41;0;1564;104;0;201;0
4308201;Flores da Cunha;4;Sul;43;Rio Grande do Sul;4308201005;Alfredo Chaves;.;;4307;Caxias do Sul;430036;Caxias do Sul;.;;276,2412180;30892;13933;13928;5;2,6;0,0278;11807;875;1246;30887;15231;15656;890;863;791;829;1096;1070;2430;2236;2101;1697;1142;856;833;813;849;969;1070;2425;2241;2151;1843;1521;1754;1709;1623;1699;2080;2159;4862;4483;4258;3551;2670;26518;661;0;3673;3;12943;372;0;1885;0;13575;269;0;1781;0;10214;257;0;1288;0;5945;4262;144;73;0;0;753;514;0;0;31;378;2399;3996;3367;0;7;84;70;13;0;0;0;0;0;3;77;428;503;182;0;0;0;0;0;4183;79;0;797;0;4838;150;0;927;0;11634;335;0;1601;3;5861;29;0;290;0;1460;26;0;229;0;11474;323;0;1628;0;1415;6;0;228;0;12153;240;0;1525;0
4308300;Fontoura Xavier;4;Sul;43;Rio Grande do Sul;.;;.;;4306;Passo Fundo;430031;Soledade;.;;583,2389225;9550;4749;4744;5;2,6;0,0000;3705;482;557;9542;4851;4691;256;286;301;339;299;313;624;689;698;593;423;270;247;275;312;298;293;616;689;659;563;452;526;533;579;655;599;611;1242;1385;1357;1157;875;6962;148;0;2422;0;3456;71;0;1314;0;3506;69;0;1108;0;2605;71;0;1011;0;1570;1031;44;22;0;0;674;337;0;0;3;97;544;1012;930;0;0;3;28;18;0;0;0;0;0;3;36;208;396;345;0;0;0;0;0;1282;3;0;357;0;1359;21;0;477;0;2839;67;0;1065;0;1481;27;0;520;0;421;0;0;121;0;3033;71;0;1191;0;404;0;0;101;0;3097;62;0;1001;0
4308433;Forquetinha;4;Sul;43;Rio Grande do Sul;4308433002;Vila Stork;.;;4308;Santa Cruz do Sul - Lajeado;430041;Lajeado;4311403;Lajeado/RS;93,2746589;2393;1360;1359;1;2,5;0,0063;955;260;144;2393;1203;1190;41;58;44;55;52;62;144;161;193;207;173;54;50;47;47;57;58;134;154;172;216;193;97;109;97;104;113;123;278;315;365;423;368;2325;22;0;43;0;1179;0;0;15;0;1146;12;0;25;0;935;4;0;8;0;681;254;0;0;0;0;6;0;0;0;0;9;138;320;460;0;0;0;0;0;0;0;0;0;0;0;0;4;4;0;0;0;0;0;0;288;0;0;9;0;322;0;0;8;0;929;4;0;13;0;786;0;0;0;0;97;0;0;4;0;1082;0;0;8;0;98;0;0;3;0;1048;10;0;18;0
4308607;Garibaldi;4;Sul;43;Rio Grande do Sul;4308607003;Residencial Vale dos Vinhedos;.;;4307;Caxias do Sul;430037;Bento Gonçalves;4302105;Bento Gonçalves/RS;168,4917999;34335;15423;15408;15;2,6;0,0222;13402;693;1313;34317;16841;17476;942;961;788;882;1084;1296;2872;2532;2218;1866;1263;863;884;725;865;1101;1271;2853;2545;2337;2053;1835;1822;1863;1545;1765;2215;2590;5741;5088;4578;3928;3112;30063;859;4;3331;16;14572;486;0;1730;0;15491;353;0;1588;4;11801;348;0;1191;0;6926;4868;214;96;0;0;694;453;0;0;8;360;2892;4534;3954;0;6;148;86;16;0;0;0;0;0;0;56;431;445;133;0;0;0;0;0;4468;104;0;634;0;5371;207;0;950;3;13503;425;0;1431;3;6705;39;0;240;0;1636;27;0;181;0;12926;434;0;1505;0;1525;12;0;167;0;13954;311;0;1386;4
4308805;General Câmara;4;Sul;43;Rio Grande do Sul;.;;430880500004;Comunidade Quilombola Vila do Sabugueiro 2;4301;Porto Alegre;430006;Charqueadas - Triunfo - São Jerônimo;.;;510,0096193;7612;4488;4484;4;2,4;0,0044;3148;739;597;7612;3809;3803;188;206;242;229;220;212;436;468;560;542;446;208;191;200;181;205;211;464;486;537;552;482;418;414;453;431;439;438;904;960;1100;1096;932;6725;316;7;548;0;3354;147;0;283;0;3371;153;5;256;0;2780;134;0;205;0;1525;1255;53;64;0;0;113;76;0;0;0;106;508;991;1159;0;0;9;46;38;0;0;0;0;0;0;0;40;49;76;0;0;0;0;0;1142;24;4;100;0;1130;45;0;123;0;2623;133;0;188;0;1827;69;0;104;0;375;3;0;13;0;2972;137;0;254;0;366;0;0;29;0;2998;146;4;214;0
4308854;Gentil;4;Sul;43;Rio Grande do Sul;.;;.;;4306;Passo Fundo;430030;Marau;.;;184,7153102;1744;763;763;0;2,7;0,0015;646;39;78;1744;885;859;48;65;55;43;62;61;114;118;114;84;94;59;52;42;44;61;49;121;119;98;114;79;110;124;99;98;123;112;235;238;214;201;180;1216;50;0;318;157;613;29;0;154;84;603;12;0;164;73;472;16;0;109;44;286;185;11;4;0;0;67;38;15;29;3;12;85;174;189;0;0;3;8;0;0;0;0;0;0;0;7;24;33;25;0;8;24;8;4;204;3;0;67;59;194;4;0;82;54;495;28;0;119;40;323;0;0;48;4;73;0;0;16;25;540;27;0;134;59;74;0;0;22;15;529;11;0;138;58
4309258;Guabiju;4;Sul;43;Rio Grande do Sul;.;;.;;4307;Caxias do Sul;430038;Nova Prata - Guaporé;.;;146,9252435;1417;653;653;0;2,5;0,0089;563;40;50;1417;731;686;29;42;30;24;32;44;93;72;105;146;111;19;28;28;20;28;40;77;80;101;129;126;50;70;63;46;64;84;170;152;206;275;237;1226;26;0;163;0;629;17;0;83;0;597;9;0;77;0;488;9;0;64;0;333;155;6;0;0;0;35;28;0;0;0;6;70;134;274;0;0;0;3;3;0;0;0;0;0;0;5;13;24;18;0;0;0;0;0;151;0;0;28;0;153;4;0;33;0;450;9;0;64;0;472;8;0;31;0;60;0;0;10;0;569;17;0;72;0;41;0;0;5;0;556;9;0;70;0
4309407;Guaporé;4;Sul;43;Rio Grande do Sul;.;;.;;4307;Caxias do Sul;430038;Nova Prata - Guaporé;.;;297,5452333;25268;11124;11114;10;2,6;0,0094;9646;654;814;25210;12181;13029;724;749;672;731;835;936;1960;1730;1573;1270;913;696;686;671;661;855;926;2027;1901;1700;1394;1405;1429;1447;1357;1406;1705;1879;3994;3640;3282;2676;2331;20833;712;0;3638;5;9974;367;0;1822;0;10859;338;0;1804;4;8060;305;0;1236;0;5126;2920;164;115;0;0;731;498;0;0;0;328;1927;3068;2681;0;3;82;119;32;0;0;0;0;0;0;77;379;485;246;0;0;0;0;0;3361;84;0;770;4;3862;151;0;962;0;9068;365;0;1477;0;4531;44;0;389;0;1181;22;0;249;0;8786;324;0;1558;0;1123;18;0;230;0;9732;304;0;1561;0
4309902;Ibiraiaras;4;Sul;43;Rio Grande do Sul;.;;430990200003;Aldeia Indígena Vila Nova;4306;Passo Fundo;430033;Lagoa Vermelha;.;;292,1595617;6776;2974;2974;0;2,7;0,0004;2525;226;223;6776;3401;3375;184;202;172;206;258;224;467;433;523;360;333;181;167;151;207;198;223;442;409;483;446;422;371;377;330;415;466;456;914;843;1008;814;758;5035;113;0;1172;444;2491;62;0;620;215;2544;43;0;545;226;1918;58;0;430;103;1093;824;34;20;0;0;236;194;39;64;0;46;393;733;732;0;0;12;26;11;0;0;0;0;0;3;29;99;155;124;0;20;38;33;10;699;9;0;218;150;897;23;0;256;161;2107;52;0;478;115;1332;15;0;205;15;244;8;0;65;58;2241;50;0;547;157;228;0;0;58;61;2310;43;0;479;165
4309951;Ibirapuitã;4;Sul;43;Rio Grande do Sul;.;;.;;4306;Passo Fundo;430031;Soledade;.;;307,1637754;3723;1888;1887;1;2,5;0,0027;1462;214;211;3714;1913;1801;133;107;99;127;131;135;241;244;234;248;201;82;91;99;112;116;135;243;233;245;197;232;222;202;206;243;247;274;486;477;479;445;433;2884;80;0;743;0;1471;41;0;392;0;1413;31;0;349;0;1110;37;0;301;0;653;457;17;13;0;0;164;136;0;0;0;49;230;373;445;0;0;4;17;0;0;0;0;0;0;0;7;68;111;90;0;0;0;0;0;485;7;0;131;0;568;8;0;181;0;1105;37;0;291;0;726;8;0;136;0;188;3;0;41;0;1283;34;0;347;0;132;4;0;34;0;1277;27;0;305;0
4310306;Ilópolis;4;Sul;43;Rio Grande do Sul;.;;.;;4308;Santa Cruz do Sul - Lajeado;430043;Encantado;.;;123,6020031;4157;1791;1789;2;2,7;0,0000;1509;91;189;4141;2099;2042;130;118;101;109;122;138;284;291;262;268;260;100;91;85;98;107;158;273;270;262;284;300;232;210;186;212;231;297;560;563;527;553;563;3609;55;0;469;0;1841;19;0;229;0;1768;28;0;240;0;1322;19;0;154;0;992;328;9;4;0;0;99;51;0;0;0;34;272;482;528;0;0;6;3;0;0;0;0;0;0;0;10;40;53;31;0;0;0;0;0;542;3;0;81;0;612;9;0;113;0;1424;27;0;190;0;1027;0;0;81;0;217;0;0;29;0;1624;19;0;198;0;162;3;0;22;0;1605;25;0;212;0
4310363;Imigrante;4;Sul;43;Rio Grande do Sul;4310363001;Daltro Filtro;.;;4308;Santa Cruz do Sul - Lajeado;430041;Lajeado;.;;71,7163762;3080;1404;1402;2;2,6;0,0008;1183;67;152;3080;1515;1565;59;70;96;66;88;82;222;208;222;201;179;67;59;69;87;86;81;197;223;200;202;274;137;129;169;158;178;166;421;431;426;403;454;2849;43;0;180;0;1393;17;0;92;0;1456;16;0;86;0;1102;9;0;62;0;606;494;9;0;0;0;40;9;0;0;0;22;207;396;460;0;0;3;3;0;0;0;0;0;0;0;0;16;15;0;0;0;0;0;0;392;0;0;39;0;435;4;0;52;0;1186;22;0;63;0;835;0;0;6;0;118;0;0;7;0;1273;17;0;78;0;118;0;0;4;0;1337;10;0;74;0
4310439;Ipê;4;Sul;43;Rio Grande do Sul;.;;.;;4307;Caxias do Sul;430036;Caxias do Sul;.;;599,0319587;5399;3084;3082;2;2,5;0,0318;2139;624;319;5399;2738;2661;132;155;113;130;144;185;352;386;418;384;312;113;134;108;127;138;130;343;348;388;358;430;256;300;227;265;288;325;695;734;810;744;746;4551;125;0;715;0;2294;58;0;372;0;2257;54;0;339;0;1827;46;0;253;0;1060;767;29;10;0;0;137;109;0;0;0;55;320;664;776;0;0;8;13;3;0;0;0;0;0;0;10;69;98;52;0;0;0;0;0;630;9;0;134;0;681;27;0;164;0;1875;49;0;307;0;1364;16;0;98;0;238;5;0;44;0;2056;50;0;324;0;210;0;0;42;0;2044;53;0;291;0
4310579;Itapuca;4;Sul;43;Rio Grande do Sul;.;;.;;4306;Passo Fundo;430031;Soledade;.;;184,6732295;1937;901;901;0;2,7;0,0000;725;66;110;1937;1018;919;49;47;58;56;70;66;129;133;176;132;100;54;54;52;48;54;58;119;124;134;112;108;103;103;110;106;124;124;248;257;310;244;208;1468;33;0;430;0;756;14;0;244;0;712;14;0;186;0;532;13;0;175;0;428;104;4;9;0;0;138;35;0;0;0;5;112;224;184;0;0;3;6;4;0;0;0;0;0;0;3;28;68;64;0;0;0;0;0;260;0;0;53;0;245;5;0;102;0;612;16;0;181;0;351;7;0;93;0;84;0;0;7;0;672;14;0;230;0;87;0;0;16;0;625;14;0;165;0
4311122;Jaquirana;4;Sul;43;Rio Grande do Sul;.;;.;;4307;Caxias do Sul;430039;Vacaria;.;;908,8785162;3690;2289;2288;1;2,6;0,0072;1392;496;400;3690;1876;1814;100;127;115;147;114;115;199;230;276;249;166;108;118;112;134;108;98;218;236;259;217;167;218;257;233;285;224;220;420;469;537;470;335;2530;157;5;987;0;1263;90;0;513;0;1267;61;3;472;0;967;61;0;352;0;596;371;32;20;0;0;210;134;0;0;4;41;166;368;380;0;0;4;18;23;0;0;0;0;0;0;14;76;131;119;0;0;0;0;0;484;12;0;205;0;487;27;0;219;0;984;65;0;365;0;572;35;0;187;0;149;0;0;72;0;1107;81;0;438;0;165;0;0;59;0;1099;57;0;407;0
4311304;Lagoa Vermelha;4;Sul;43;Rio Grande do Sul;.;;431130400001;Clemente Argolo;4306;Passo Fundo;430033;Lagoa Vermelha;.;;1260,2271191;27659;12860;12851;9;2,5;0,0009;10779;646;1426;27479;13410;14069;882;920;801;893;937;1055;1835;1744;1783;1363;1072;798;846;746;834;911;1003;1934;1840;1917;1579;1517;1701;1788;1586;1757;1874;2076;3776;3589;3711;2954;2607;21360;672;0;5404;9;10201;354;0;2810;3;11159;260;0;2585;0;8262;307;0;2147;0;4248;4008;161;109;0;0;1191;934;0;0;10;379;1924;3036;2840;0;0;60;102;40;0;0;0;0;0;0;92;524;819;597;0;0;0;0;0;3991;52;0;1023;0;4307;113;0;1240;0;8572;298;0;2147;0;4480;74;0;950;0;1423;3;0;338;0;8766;335;0;2433;3;1326;10;0;285;0;9822;237;0;2268;0
4311403;Lajeado;4;Sul;43;Rio Grande do Sul;.;;431140300003;Comunidade Quilombola Maria Carmen;4308;Santa Cruz do Sul - Lajeado;430041;Lajeado;4311403;Lajeado/RS;91,2309011;93646;44610;44566;44;2,4;0,0381;37983;1256;5327;93424;44950;48474;3060;3071;2584;2614;3345;3912;8262;6761;5042;3823;2445;2856;2891;2516;2695;3472;4181;8526;7131;5735;4549;3890;5926;5968;5108;5312;6819;8101;16790;13893;10784;8376;6337;78464;3934;39;10744;152;37401;1935;9;5460;72;41063;1980;13;5284;65;32213;1708;7;3964;39;16093;16118;812;838;6;0;2100;1835;24;12;26;1867;10101;11918;8230;0;57;686;561;152;0;0;0;0;3;3;350;1532;1399;455;0;7;14;11;0;13853;558;3;2459;44;16060;1031;0;3021;49;35034;1928;9;4386;33;13510;258;3;813;5;5066;119;0;799;23;32334;1748;9;4600;49;4705;147;0;747;15;36353;1764;6;4462;50
4311809;Marau;4;Sul;43;Rio Grande do Sul;.;;.;;4306;Passo Fundo;430030;Marau;.;;649,7696676;45124;19725;19705;20;2,6;0,0139;17289;863;1553;45116;22021;23095;1427;1401;1272;1368;1712;1762;3827;3242;2685;1855;1400;1408;1381;1288;1346;1658;1779;3870;3381;2857;2156;1913;2837;2784;2560;2723;3382;3547;7700;6637;5549;4028;3320;35404;1598;12;8069;5;17027;842;8;4116;0;18377;732;3;3951;3;13815;647;0;2799;3;7032;6774;371;243;0;0;1432;1351;0;0;22;723;3877;5360;3783;0;32;282;214;28;0;0;0;0;0;0;236;948;1121;431;0;0;0;0;0;6261;251;3;1649;0;7102;402;0;2132;0;15562;802;4;3502;0;6468;65;0;765;0;2214;68;3;515;0;14809;757;4;3585;0;2149;98;0;515;0;16224;616;3;3423;3
4312054;Marques de Souza;4;Sul;43;Rio Grande do Sul;.;;.;;4308;Santa Cruz do Sul - Lajeado;430041;Lajeado;.;;125,7137516;3969;2276;2273;3;2,5;0,0140;1575;312;386;3969;1982;1987;98;95;72;111;119;107;261;265;246;296;289;82;96;103;78;88;109;235;256;273;319;328;188;198;181;196;212;220;496;521;519;615;619;3691;41;0;220;6;1833;18;0;118;0;1858;12;0;87;4;1481;9;0;67;0;880;601;0;3;0;0;42;18;0;0;0;28;242;470;733;0;0;0;0;0;0;0;0;0;0;0;0;17;22;6;0;0;0;0;0;508;0;0;48;4;562;6;0;49;0;1411;14;0;94;0;1210;0;0;9;0;180;0;0;11;0;1653;17;0;97;0;167;0;0;7;0;1689;9;0;75;3
4312138;Mato Castelhano;4;Sul;43;Rio Grande do Sul;.;;431213800004;Aldeia Indígena Tijuco Preto;4306;Passo Fundo;430025;Passo Fundo;.;;238,2684068;2553;1478;1478;0;2,7;0,0084;954;380;144;2420;1207;1213;85;57;57;64;68;51;162;173;162;149;127;76;82;86;46;49;65;179;151;164;152;126;162;146;152;119;127;124;346;329;330;306;259;2027;13;15;241;118;1021;0;7;116;51;1005;7;8;117;64;764;10;5;85;40;551;209;0;5;5;0;55;27;14;26;0;8;150;290;308;0;0;0;3;4;0;0;0;3;0;0;3;11;29;37;0;5;19;10;3;379;0;0;28;49;307;0;0;30;30;840;8;7;114;29;497;4;4;51;7;126;0;0;5;14;894;0;6;108;37;135;0;0;8;16;870;7;8;108;48
4312153;Mato Leitão;4;Sul;43;Rio Grande do Sul;4312153001;Santo Antônio;.;;4308;Santa Cruz do Sul - Lajeado;430040;Santa Cruz do Sul;.;;46,7985392;4859;2168;2165;3;2,6;0,0000;1883;92;190;4859;2395;2464;108;144;137;139;148;156;346;370;333;279;201;128;141;126;138;141;142;356;376;330;285;271;244;293;270;284;296;301;704;746;663;565;479;4310;124;0;414;0;2097;50;0;242;0;2213;74;0;169;0;1669;50;0;156;0;913;756;25;20;0;0;102;50;0;0;4;56;378;664;554;0;0;13;13;6;0;0;0;0;0;0;17;30;64;29;0;0;0;0;0;700;23;0;73;0;754;29;0;100;0;1884;46;0;177;0;971;16;0;49;0;224;3;0;24;0;1868;45;0;213;0;234;9;0;21;0;1978;62;0;142;0
4312351;Montauri;4;Sul;43;Rio Grande do Sul;.;;.;;4307;Caxias do Sul;430038;Nova Prata - Guaporé;.;;82,2301862;1499;619;618;1;2,8;0,0131;536;39;43;1499;751;748;36;22;24;40;40;44;114;84;125;119;90;31;31;24;28;36;49;85;88;113;113;140;72;61;50;70;78;93;199;172;238;232;230;1427;10;0;58;0;713;6;0;28;0;714;4;0;27;0;512;4;0;17;0;354;156;0;0;0;0;8;4;0;0;0;8;82;192;228;0;0;3;0;0;0;0;0;0;0;0;0;5;0;0;0;0;0;0;0;169;3;0;13;0;225;0;0;12;0;578;4;0;20;0;455;0;0;3;0;52;3;0;0;0;657;3;0;23;0;65;0;0;0;0;649;4;0;23;0
4312377;Monte Alegre dos Campos;4;Sul;43;Rio Grande do Sul;.;;.;;4307;Caxias do Sul;430039;Vacaria;.;;549,4552732;3180;1757;1751;6;2,7;0,0067;1194;320;237;3180;1684;1496;96;99;111;91;113;105;203;203;247;223;147;81;92;78;96;91;93;186;171;210;193;145;186;206;202;195;211;213;391;383;457;419;296;2050;396;0;724;0;1076;207;0;393;0;974;183;0;331;0;757;160;0;270;0;524;231;113;40;0;0;186;75;0;0;0;33;148;284;282;0;7;27;54;46;0;0;0;0;0;0;6;64;86;89;0;0;0;0;0;382;56;0;139;0;380;85;0;155;0;803;157;0;270;0;480;80;0;137;0;133;16;0;39;0;937;186;0;345;0;123;9;0;29;0;846;167;0;287;0
4312385;Monte Belo do Sul;4;Sul;43;Rio Grande do Sul;.;;.;;4307;Caxias do Sul;430037;Bento Gonçalves;4302105;Bento Gonçalves/RS;69,7263003;2557;1200;1200;0;2,8;0,0109;917;155;128;2557;1266;1291;51;45;50;56;44;67;178;164;191;211;194;65;47;36;47;42;58;170;132;203;202;263;118;97;95;106;89;129;350;299;394;414;459;2459;25;0;64;3;1216;9;0;30;0;1243;9;0;21;3;886;4;0;14;0;652;234;4;0;0;0;11;3;0;0;0;0;122;293;463;0;0;0;0;0;0;0;0;0;0;0;0;0;6;0;0;0;0;0;0;293;0;0;11;0;305;0;0;9;0;999;9;0;23;0;862;3;0;4;0;90;0;0;4;0;1123;8;0;24;0;108;0;0;0;0;1135;9;0;19;0
4312401;Montenegro;4;Sul;43;Rio Grande do Sul;.;;431240100008;Aglomerado Rural Rua Nova;4301;Porto Alegre;430007;Montenegro;.;;425,0233043;64322;28488;28445;43;2,6;0,0210;24351;1264;2830;64322;31925;32397;1936;2118;1923;1997;2354;2701;5428;4593;3790;3019;1990;1890;2095;1875;1925;2143;2372;4930;4487;4222;3499;2894;3844;4221;3821;3937;4507;5078;10362;9081;8017;6524;4897;52668;3889;17;7657;28;25868;1892;7;4080;0;26800;1948;6;3572;10;20271;1478;3;2532;9;10122;10149;612;780;0;0;1288;1175;0;0;39;900;5261;7712;6283;0;56;381;537;280;0;0;0;0;0;0;142;716;973;465;0;0;0;0;0;9496;563;3;1735;3;10616;885;0;1946;3;22519;1791;0;3078;6;10035;472;3;799;0;3258;141;0;523;0;22604;1679;3;3483;0;3204;139;0;524;0;23588;1734;3;2990;7
4312609;Muçum;4;Sul;43;Rio Grande do Sul;.;;.;;4308;Santa Cruz do Sul - Lajeado;430043;Encantado;.;;111,2469650;4601;2273;2270;3;2,6;0,0112;1786;223;261;4601;2211;2390;126;121;96;119;120;130;273;302;331;294;282;92;144;104;119;114;131;283;297;343;326;416;226;270;200;245;239;265;558;599;674;620;698;3886;152;0;557;0;1854;92;0;261;0;2032;56;0;295;0;1528;57;0;194;0;902;626;37;8;0;0;101;91;0;0;3;24;247;554;692;0;4;9;9;6;0;0;0;0;0;0;5;52;79;42;0;0;0;0;0;564;3;0;122;0;577;42;0;127;0;1524;75;0;225;0;1221;7;0;74;0;201;0;0;40;0;1649;87;0;218;0;197;0;0;37;0;1833;51;0;254;0
4312617;Muitos Capões;4;Sul;43;Rio Grande do Sul;.;;431261700005;Comunidade Quilombola Mato Grande 2;4307;Caxias do Sul;430039;Vacaria;.;;1193,2301190;2879;1698;1688;10;2,6;0,0027;1097;425;166;2872;1496;1376;81;103;95;89;85;101;183;217;232;148;126;86;97;92;89;85;89;182;171;178;123;143;181;207;191;182;177;198;371;388;413;276;270;2037;266;0;565;0;1070;146;0;277;0;967;114;0;288;0;795;101;0;190;0;606;186;61;32;0;0;149;33;0;0;0;13;172;322;269;0;5;22;35;13;0;0;0;0;0;0;0;42;67;50;0;0;0;0;0;403;24;0;141;0;370;60;0;120;0;835;127;0;210;0;426;29;0;83;0;132;3;0;31;0;932;131;0;234;0;135;7;0;41;0;828;103;0;242;0
4312625;Muliterno;4;Sul;43;Rio Grande do Sul;.;;431262500001;Aldeia Indígena Muliterno;4306;Passo Fundo;430030;Marau;.;;111,1323399;1721;675;674;1;2,8;0,0000;605;36;33;1715;885;830;36;55;45;49;73;49;111;105;111;125;86;46;42;40;55;47;43;114;103;116;105;86;88;105;95;106;125;100;225;213;236;231;176;1289;11;0;145;264;671;7;0;68;135;618;3;0;77;129;481;4;0;49;62;309;170;0;0;0;0;29;17;20;40;0;13;87;180;201;0;0;0;3;0;0;0;0;0;0;0;0;7;15;17;4;4;25;23;3;171;0;0;12;101;214;0;0;32;88;532;5;0;63;70;368;0;0;32;3;61;0;0;0;38;608;6;0;68;96;48;0;0;0;36;567;3;0;70;93
4312757;Nova Alvorada;4;Sul;43;Rio Grande do Sul;4312757001;AUI 1;.;;4306;Passo Fundo;430030;Marau;.;;148,8606283;3163;1445;1445;0;2,7;0,0051;1172;113;160;3157;1563;1594;85;79;72;94;110;109;211;234;220;180;146;86;103;88;92;101;108;219;202;220;176;178;179;186;165;188;218;219;430;438;441;359;327;2664;78;0;409;0;1314;45;0;201;0;1350;28;0;208;0;975;32;0;155;0;635;338;16;12;0;0;84;69;0;0;3;35;218;382;330;0;4;0;5;13;0;0;0;0;0;0;3;43;68;28;0;0;0;0;0;450;6;0;69;0;509;12;0;101;0;1096;37;0;170;0;606;16;0;60;0;143;0;0;20;0;1170;44;0;177;0;167;0;0;20;0;1181;24;0;186;0
4312807;Nova Araçá;4;Sul;43;Rio Grande do Sul;.;;.;;4307;Caxias do Sul;430038;Nova Prata - Guaporé;.;;75,5135766;4954;2052;2051;1;2,7;0,0138;1811;121;119;4954;2515;2439;157;117;109;140;254;241;409;339;300;261;184;158;153;100;108;221;185;372;314;295;278;249;317;272;211;250;475;426;781;653;597;539;433;3624;170;19;1137;0;1767;95;13;631;0;1857;70;5;499;0;1429;61;4;310;0;790;639;32;23;0;3;179;128;0;0;3;61;308;533;518;0;0;21;21;0;0;0;0;0;0;0;67;141;80;14;0;0;0;0;0;487;25;0;282;0;668;51;3;426;0;1539;80;9;395;0;930;3;0;26;0;162;0;0;103;0;1605;88;8;527;0;190;11;0;109;0;1667;58;5;390;0
4312906;Nova Bassano;4;Sul;43;Rio Grande do Sul;4312906001;Sem Denominação;.;;4307;Caxias do Sul;430038;Nova Prata - Guaporé;.;;211,6111706;9649;3953;3948;5;2,9;0,0082;3292;269;387;9649;4825;4824;239;253;253;255;335;360;738;692;646;591;430;266;231;219;239;343;351;715;648;610;565;611;507;486;476;496;684;715;1455;1342;1264;1158;1050;8538;132;0;975;0;4237;85;0;497;0;4301;41;0;468;0;2910;67;0;302;0;1850;1058;43;13;0;0;157;131;0;0;0;80;594;1106;1116;0;0;9;27;6;0;0;0;0;0;0;25;107;104;27;0;0;0;0;0;1228;6;0;226;0;1572;17;0;297;0;3618;71;0;362;0;2117;11;0;66;0;405;0;0;78;0;3830;79;0;410;0;417;0;0;65;0;3884;36;0;387;0
4313003;Nova Bréscia;4;Sul;43;Rio Grande do Sul;.;;.;;4308;Santa Cruz do Sul - Lajeado;430043;Encantado;.;;102,9943993;3044;1466;1465;1;2,5;0,0058;1213;91;161;3044;1518;1526;68;60;56;66;80;100;208;184;215;240;220;60;68;60;73;73;84;165;196;212;251;263;134;141;122;147;155;189;373;380;427;491;484;2849;64;0;130;0;1418;28;0;65;0;1431;23;0;62;0;1142;22;0;42;0;821;321;8;5;0;0;28;4;0;0;0;11;175;389;559;0;0;6;4;3;0;0;0;0;0;0;0;12;4;3;0;0;0;0;0;364;4;0;18;0;447;5;0;21;0;1096;23;0;55;0;942;9;0;7;0;124;0;0;7;0;1294;23;0;56;0;129;0;0;3;0;1302;19;0;54;0
4313086;Nova Pádua;4;Sul;43;Rio Grande do Sul;.;;.;;4307;Caxias do Sul;430036;Caxias do Sul;.;;102,6434738;2343;1062;1059;3;2,9;0,0148;810;116;133;2343;1189;1154;50;51;49;55;58;72;163;148;184;186;156;53;47;40;52;45;73;153;139;161;183;180;104;98;94;107;109;145;316;291;348;372;341;2198;11;0;109;20;1114;0;0;58;9;1084;10;0;48;8;758;3;0;37;0;533;225;0;0;0;0;20;8;0;0;0;8;118;280;344;0;0;0;0;0;0;0;0;0;0;0;3;14;7;0;0;0;0;0;0;269;0;0;15;4;331;0;0;25;0;886;4;0;54;7;707;0;0;3;0;94;0;0;0;0;1019;0;0;53;8;90;0;0;4;0;992;8;0;40;3
4313300;Nova Prata;4;Sul;43;Rio Grande do Sul;4313300001;Rio Branco;.;;4307;Caxias do Sul;430038;Nova Prata - Guaporé;.;;259,9410953;25692;11714;11707;7;2,6;0,0264;9884;732;1091;25603;12459;13144;743;798;670;722;839;926;2034;1844;1583;1257;973;721;704;656;633;808;972;2063;1947;1716;1452;1374;1473;1520;1347;1364;1664;1911;4099;3796;3307;2725;2362;20402;951;0;4210;7;9717;515;0;2188;4;10685;402;0;2016;0;8044;384;0;1424;0;4834;3208;223;117;0;0;877;513;0;0;0;223;1920;3149;2711;0;3;98;126;47;0;0;0;0;0;0;80;464;577;205;0;0;0;0;0;3296;85;0;913;0;3554;227;0;1126;0;8991;429;0;1738;0;4558;107;0;371;0;1190;5;0;295;0;8522;483;0;1866;4;1123;14;0;251;0;9558;364;0;1732;0
4313359;Nova Roma do Sul;4;Sul;43;Rio Grande do Sul;.;;.;;4307;Caxias do Sul;430036;Caxias do Sul;.;;149,7668749;3466;1506;1504;2;2,8;0,0008;1250;165;89;3466;1768;1698;71;87;65;106;119;99;253;202;309;251;206;74;73;85;94;96;90;209;230;286;221;240;145;160;150;200;215;189;462;432;595;472;446;3187;64;0;203;9;1621;39;0;103;3;1566;22;0;100;3;1178;17;0;50;0;849;329;11;0;0;0;32;13;0;0;0;20;190;483;478;0;0;8;5;0;0;0;0;0;0;0;3;19;8;0;0;0;0;0;0;400;4;0;41;4;524;4;0;68;0;1362;40;0;80;0;901;0;0;9;0;136;0;0;11;0;1485;33;0;87;0;134;0;0;6;0;1432;21;0;90;0
4314001;Paraí;4;Sul;43;Rio Grande do Sul;4314001005;Área Industrial III;.;;4307;Caxias do Sul;430038;Nova Prata - Guaporé;.;;121,7450985;7194;2985;2982;3;2,7;0,0309;2654;127;201;7194;3589;3605;195;190;181;197;234;247;558;470;496;475;343;173;206;197;175;195;212;563;515;479;484;399;372;400;378;372;429;459;1121;985;975;960;742;6398;117;0;673;0;3184;55;0;344;0;3214;54;0;329;0;2399;34;0;204;0;1732;667;14;13;0;0;151;49;0;0;0;31;509;924;918;0;0;6;13;0;0;0;0;0;0;0;3;67;77;21;0;0;0;0;0;982;13;0;147;0;1046;24;0;179;0;2742;49;0;279;0;1628;3;0;56;0;332;0;0;46;0;2852;48;0;293;0;335;0;0;39;0;2879;50;0;284;0
4314076;Passo do Sobrado;4;Sul;43;Rio Grande do Sul;.;;.;;4308;Santa Cruz do Sul - Lajeado;430040;Santa Cruz do Sul;.;;265,1333305;6025;2956;2955;1;2,5;0,0000;2383;180;392;6025;2950;3075;169;162;154;165;169;183;404;407;456;408;273;161;164;185;159;162;173;456;400;468;397;346;332;326;339;324;333;356;860;807;924;805;619;5334;305;0;383;0;2610;144;0;190;0;2724;155;0;190;0;2115;128;0;134;0;1162;953;45;69;0;0;60;70;0;0;0;70;488;782;767;0;0;26;54;23;0;0;0;0;0;0;6;37;40;27;0;0;0;0;0;864;41;0;77;0;864;59;0;79;0;2298;135;0;153;0;1308;45;0;52;0;289;8;0;17;0;2321;131;0;159;0;275;13;0;27;0;2447;135;0;158;0
4314100;Passo Fundo;4;Sul;43;Rio Grande do Sul;4314100001;Condomínio Residencial Morada Além do Horizonte;.;;4306;Passo Fundo;430025;Passo Fundo;4314100;Passo Fundo;784,4064883;206215;95786;95690;96;2,5;0,0316;81782;4019;9889;205710;97467;108243;6392;6762;6330;6275;7910;8206;16125;13677;11028;8494;6067;6064;6407;6191;6212;8390;8600;17185;15082;13188;11238;9508;12482;13200;12560;12533;16337;16830;33328;28767;24234;19750;15606;160677;7221;48;37328;259;74654;3723;0;18815;100;86023;3413;17;18493;131;64276;3127;3;14181;50;30225;34051;1492;1475;0;3;7110;7039;27;22;228;4720;18322;22658;18173;0;105;884;1105;521;0;0;0;0;0;26;1077;4408;5277;3077;0;6;18;16;3;29648;871;0;7499;69;34539;1583;0;9316;74;67242;3386;4;15479;61;29244;965;0;4923;8;10327;192;0;2396;18;64308;3394;0;16321;80;9821;178;0;2239;27;76192;3090;10;16174;89
4314159;Paverama;4;Sul;43;Rio Grande do Sul;.;;.;;4308;Santa Cruz do Sul - Lajeado;430041;Lajeado;.;;171,8633697;7978;4078;4076;2;2,5;0,0133;3149;439;488;7978;4006;3972;232;266;229;239;220;243;523;565;574;491;395;199;219;229;230;226;258;524;563;521;503;462;435;492;469;473;459;508;1050;1131;1095;994;857;7170;154;0;631;4;3590;69;0;328;0;3580;73;0;295;3;2844;52;0;224;0;1833;1011;24;21;0;0;135;82;0;0;0;88;566;1090;1072;0;0;7;15;12;0;0;0;0;0;0;8;60;78;53;0;0;0;0;0;1231;16;0;141;0;1274;15;0;134;0;2946;69;0;244;0;1719;23;0;92;0;433;0;0;50;0;3154;61;0;267;0;381;3;0;28;0;3194;66;0;255;3
4314548;Pinto Bandeira;4;Sul;43;Rio Grande do Sul;.;;.;;4307;Caxias do Sul;430037;Bento Gonçalves;4302105;Bento Gonçalves/RS;104,8010338;2723;1267;1261;6;2,9;0,0000;919;197;145;2723;1373;1350;67;58;62;66;68;82;198;167;214;194;173;69;69;62;62;59;92;175;165;162;205;217;139;127;125;130;130;175;373;337;377;399;393;2468;17;0;210;21;1242;8;0;108;11;1226;7;0;102;8;843;0;0;61;6;656;186;0;0;0;0;41;10;3;3;0;10;141;303;381;0;0;0;0;0;0;0;0;0;0;0;3;11;21;8;0;0;3;0;0;330;3;0;53;9;367;0;0;59;4;997;4;0;74;6;771;0;0;18;0;103;0;0;14;0;1137;5;0;89;7;123;0;0;4;3;1100;6;0;91;5
4314753;Poço das Antas;4;Sul;43;Rio Grande do Sul;4314753001;Boa Vista;.;;4308;Santa Cruz do Sul - Lajeado;430041;Lajeado;.;;67,6182257;2171;1043;1043;0;2,6;0,0024;842;109;92;2171;1107;1064;48;64;54;61;65;61;157;145;164;142;131;55;48;60;41;62;47;150;131;142;137;172;109;114;114;107;129;117;307;277;306;279;303;1974;67;0;120;0;1003;36;0;66;0;971;31;0;52;0;781;29;0;24;0;494;285;22;7;0;0;8;9;0;0;0;19;125;293;333;0;0;20;9;0;0;0;0;0;0;0;0;13;0;0;0;0;0;0;0;286;12;0;35;0;298;16;0;29;0;809;36;0;42;0;577;0;0;0;0;101;0;0;11;0;901;35;0;49;0;90;9;0;6;0;880;19;0;45;0
4315131;Pouso Novo;4;Sul;43;Rio Grande do Sul;.;;.;;4308;Santa Cruz do Sul - Lajeado;430041;Lajeado;.;;105,3382408;1739;801;799;2;2,6;0,0000;665;68;66;1738;897;841;49;41;45;45;42;62;119;128;119;109;124;46;42;44;28;44;42;105;110;95;130;146;95;85;89;74;86;108;225;240;217;241;272;1399;15;0;320;0;719;10;0;165;0;680;5;0;155;0;524;8;0;130;0;402;122;5;3;0;0;97;30;0;0;0;4;88;182;245;0;0;0;6;0;0;0;0;0;0;0;3;22;47;54;0;0;0;0;0;231;0;0;40;0;200;4;0;66;0;544;8;0;127;0;424;3;0;84;0;84;0;0;6;0;635;10;0;155;0;75;0;0;7;0;605;5;0;142;0
4315156;Progresso;4;Sul;43;Rio Grande do Sul;.;;.;;4308;Santa Cruz do Sul - Lajeado;430041;Lajeado;.;;256,0389037;5340;2723;2721;2;2,5;0,0000;2109;174;438;5325;2717;2608;113;114;146;146;144;160;320;376;475;399;278;120;108;134;145;119;144;309;373;439;345;326;244;229;286;293;272;310;637;753;914;744;606;4860;44;0;415;0;2457;27;0;227;0;2403;11;0;184;0;1936;14;0;151;0;1175;759;0;3;0;0;83;63;0;0;0;57;319;792;747;0;0;0;0;0;0;0;0;0;0;0;0;34;67;19;0;0;0;0;0;680;3;0;85;0;787;13;0;75;0;2106;16;0;183;0;1285;0;0;55;0;207;0;0;25;0;2247;25;0;195;0;214;0;0;18;0;2186;9;0;163;0
4315172;Protásio Alves;4;Sul;43;Rio Grande do Sul;.;;.;;4307;Caxias do Sul;430038;Nova Prata - Guaporé;.;;171,9940784;2025;950;946;4;2,7;0,0013;752;104;90;2025;1054;971;49;64;45;51;51;61;136;141;185;146;123;35;55;55;37;48;56;128;119;156;134;148;84;119;102;88;99;117;264;260;341;280;271;1744;33;0;242;0;915;18;0;119;0;829;14;0;123;0;659;17;0;74;0;501;158;13;0;0;0;50;22;0;0;0;10;107;262;274;0;0;3;11;0;0;0;0;0;0;0;0;25;28;13;0;0;0;0;0;240;0;0;63;0;240;3;0;57;0;746;22;0;95;0;518;3;0;26;0;89;0;0;21;0;826;18;0;96;0;73;0;0;11;0;756;14;0;106;0
4315206;Putinga;4;Sul;43;Rio Grande do Sul;.;;.;;4308;Santa Cruz do Sul - Lajeado;430043;Encantado;.;;216,1594826;3747;1745;1745;0;2,7;0,0015;1366;132;247;3745;1876;1869;77;90;65;100;105;87;273;244;259;288;250;85;79;76;82;78;114;235;223;239;279;326;167;174;152;192;186;208;517;471;499;575;576;3425;41;0;268;0;1724;18;0;123;0;1701;14;0;135;0;1251;13;0;86;0;938;309;5;5;0;0;54;31;0;0;0;9;215;419;594;0;0;5;7;0;0;0;0;0;0;0;6;21;28;16;0;0;0;0;0;445;6;0;41;0;518;6;0;61;0;1354;17;0;112;0;1102;6;0;30;0;152;0;0;13;0;1570;14;0;106;0;155;0;0;9;0;1544;10;0;119;0
4315453;Relvado;4;Sul;43;Rio Grande do Sul;.;;.;;4308;Santa Cruz do Sul - Lajeado;430043;Encantado;.;;108,1881560;1796;869;867;2;2,6;0,0014;695;66;106;1796;884;912;38;28;33;46;44;44;95;110;129;160;136;26;30;32;40;40;35;99;105;136;151;197;73;62;69;88;86;85;195;215;268;311;333;1643;49;0;99;0;811;21;0;43;0;832;21;0;52;0;641;18;0;28;0;403;238;12;0;0;0;11;9;0;0;0;9;84;190;350;0;0;0;5;6;0;0;0;0;0;0;0;0;9;6;0;0;0;0;0;186;6;0;8;0;223;7;0;26;0;614;19;0;38;0;620;9;0;8;0;65;0;0;0;0;745;19;0;39;0;58;0;0;0;0;774;19;0;47;0
4315800;Roca Sales;4;Sul;43;Rio Grande do Sul;.;;.;;4308;Santa Cruz do Sul - Lajeado;430043;Encantado;.;;208,1080803;10418;4860;4853;7;2,6;0,0064;4049;350;454;10418;5080;5338;286;305;291;306;312;347;725;718;669;626;479;289;286;245;301;299;345;720;723;689;685;718;581;593;542;614;621;699;1450;1443;1358;1311;1197;8820;342;0;1235;7;4275;162;0;627;4;4545;171;0;607;3;3441;156;0;432;0;1603;1836;65;85;0;0;222;203;0;0;13;136;747;1223;1302;0;3;47;58;18;0;0;0;0;0;3;38;136;156;66;0;0;0;0;0;1425;25;0;252;0;1496;82;0;347;0;3574;170;0;492;3;2323;31;0;128;0;503;3;0;78;0;3771;154;0;542;4;482;6;0;74;0;4062;158;0;524;3
4316501;Salvador do Sul;4;Sul;43;Rio Grande do Sul;.;;.;;4301;Porto Alegre;430007;Montenegro;.;;99,1565344;6879;3134;3131;3;2,6;0,0176;2669;175;287;6879;3420;3459;190;201;156;201;264;265;534;486;464;371;263;184;170;170;173;252;260;532;480;479;384;353;377;376;337;383;518;525;1066;967;943;757;617;6202;155;3;503;6;3077;76;0;248;3;3125;58;0;250;3;2429;51;0;172;0;1409;1018;19;16;0;0;91;77;0;0;3;102;614;936;759;0;0;9;14;3;0;0;0;0;0;0;15;53;55;6;0;0;0;0;0;944;12;0;120;0;1228;21;0;153;0;2700;63;0;192;3;1330;11;0;21;0;354;0;0;21;0;2721;61;0;212;3;304;0;0;31;0;2819;52;0;208;0
4316758;Santa Clara do Sul;4;Sul;43;Rio Grande do Sul;.;;.;;4308;Santa Cruz do Sul - Lajeado;430041;Lajeado;4311403;Lajeado/RS;86,4418257;6887;2996;2993;3;2,6;0,0132;2580;148;265;6887;3420;3467;206;211;174;214;206;210;508;528;448;395;296;170;191;185;194;183;217;540;563;399;388;409;384;407;368;415;397;438;1048;1091;847;783;705;6422;134;0;321;0;3187;51;0;155;0;3235;67;0;147;0;2435;40;0;78;0;1470;965;10;14;0;0;39;31;0;0;0;79;566;987;786;0;0;11;11;3;0;0;0;0;0;0;17;26;20;3;0;0;0;0;0;1060;17;0;73;0;1108;28;0;97;0;2802;57;0;96;0;1452;3;0;13;0;381;0;0;25;0;2806;47;0;122;0;343;0;0;12;0;2891;60;0;125;0
4316808;Santa Cruz do Sul;4;Sul;43;Rio Grande do Sul;4316808001;Pinheiral;.;;4308;Santa Cruz do Sul - Lajeado;430040;Santa Cruz do Sul;4316808;Santa Cruz do Sul/RS;733,8977994;133230;61255;61148;107;2,5;0,0001;53660;2165;5323;133041;63265;69776;3707;3950;3636;3719;4592;4795;10226;9487;8157;6527;4415;3433;3868;3354;3822;4953;5235;10938;10046;9234;7746;7076;7154;7845;7019;7551;9551;10038;21164;19537;17391;14274;11499;110259;7639;27;14997;29;51969;3739;9;7463;7;58290;3851;11;7519;11;44915;3106;8;5546;6;23244;21671;1428;1595;0;7;2730;2757;0;0;49;2221;11741;17084;13724;0;123;885;1232;554;0;0;0;0;4;0;418;1748;2103;1010;0;0;0;0;0;17716;1031;0;3155;0;21117;1887;0;4039;3;48380;3585;6;6030;0;23043;931;4;1652;0;6194;300;0;1005;0;45772;3355;7;6365;3;5888;292;0;986;0;52393;3497;11;6445;9
4317251;Santa Tereza;4;Sul;43;Rio Grande do Sul;.;;.;;4307;Caxias do Sul;430037;Bento Gonçalves;.;;73,6689432;1505;894;890;4;2,5;0,0034;593;205;92;1505;766;739;18;27;18;36;27;39;81;93;135;135;136;18;26;17;36;27;17;86;89;116;116;166;48;56;47;73;61;59;169;183;251;251;302;1421;19;0;61;0;724;8;0;29;0;697;8;0;31;0;567;3;0;17;0;391;176;3;0;0;0;13;0;0;0;0;8;68;189;295;0;0;0;0;0;0;0;0;0;0;0;0;0;0;4;0;0;0;0;0;135;5;0;5;0;178;3;0;6;0;572;5;0;21;0;534;3;0;7;0;43;0;0;3;0;681;6;0;22;0;47;0;0;0;0;647;7;0;27;0
4317558;Santo Antônio do Palma;4;Sul;43;Rio Grande do Sul;.;;.;;4306;Passo Fundo;430030;Marau;.;;126,0944139;2091;905;905;0;2,8;0,0000;748;63;94;2091;1063;1028;54;56;61;56;51;72;143;124;184;151;94;63;46;63;47;59;62;118;141;137;123;139;123;111;129;106;110;142;262;265;321;276;235;1804;29;0;251;0;925;13;0;119;0;879;13;0;132;0;657;7;0;79;0;508;147;0;0;0;0;56;22;0;0;0;13;99;265;276;0;0;0;3;0;0;0;0;0;0;0;0;25;30;12;0;0;0;0;0;294;3;0;64;0;290;8;0;61;0;737;11;0;96;0;479;0;0;27;0;98;0;0;16;0;827;12;0;100;0;90;0;0;17;0;785;10;0;109;0
4318051;São Domingos do Sul;4;Sul;43;Rio Grande do Sul;.;;.;;4306;Passo Fundo;430030;Marau;.;;78,6702845;2754;1254;1252;2;2,6;0,0009;1057;118;77;2754;1375;1379;60;53;68;70;78;94;180;167;189;211;172;59;55;55;63;59;75;178;170;208;213;205;125;111;132;139;144;176;364;338;401;424;386;2477;25;0;246;0;1231;9;0;129;0;1246;11;0;116;0;962;7;0;83;0;646;315;6;0;0;0;51;28;0;0;0;17;143;343;455;0;0;0;3;0;0;0;0;0;0;0;4;23;26;7;0;0;0;0;0;315;3;0;50;0;399;0;0;56;0;981;8;0;108;0;779;3;0;21;0;92;0;0;19;0;1135;8;0;108;0;110;0;0;3;0;1135;7;0;107;0
4318200;São Francisco de Paula;4;Sul;43;Rio Grande do Sul;.;;431820000002;Recosta;4307;Caxias do Sul;430036;Caxias do Sul;.;;3317,7941565;21893;12408;12364;44;2,6;0,0236;8014;2906;1444;21077;10391;10686;670;688;672;779;718;699;1389;1382;1343;1131;830;682;624;699;731;700;747;1478;1367;1376;1135;1018;1374;1350;1398;1533;1444;1476;2877;2752;2722;2269;1856;15739;1174;10;4119;6;7607;594;0;2145;3;8132;551;4;1964;3;6015;484;0;1458;3;3239;2774;255;207;0;0;818;621;0;0;4;269;1385;2188;2128;0;8;85;186;113;0;0;0;0;0;0;64;371;577;356;0;0;0;0;0;3092;127;0;872;0;3203;243;3;969;0;6116;539;4;1652;0;3326;166;0;581;0;1073;23;0;233;0;6525;551;0;1885;0;991;28;0;272;0;7133;492;4;1667;0
4318440;São Jorge;4;Sul;43;Rio Grande do Sul;.;;.;;4307;Caxias do Sul;430038;Nova Prata - Guaporé;.;;125,6201566;2912;1308;1305;3;2,7;0,0000;1084;93;128;2912;1460;1452;73;71;62;73;74;96;175;174;231;214;195;60;63;64;76;82;92;183;169;203;219;222;133;134;129;153;160;190;363;343;437;433;418;2510;60;0;330;7;1263;38;0;150;3;1247;20;0;176;4;955;28;0;93;0;744;210;22;3;0;0;59;32;0;0;0;15;145;334;451;0;3;4;11;0;0;0;0;0;0;0;6;23;29;30;0;0;0;0;0;320;0;0;71;4;401;13;0;87;0;984;37;0;116;3;803;0;0;48;0;115;0;0;30;0;1147;37;0;120;0;100;0;0;14;0;1146;18;0;155;3
4318465;São José do Herval;4;Sul;43;Rio Grande do Sul;.;;.;;4306;Passo Fundo;430031;Soledade;.;;102,9118445;1902;986;986;0;2,5;0,0040;749;83;154;1896;984;912;43;58;53;68;46;69;106;126;152;131;108;54;45;41;55;43;62;98;132;137;109;111;100;103;94;124;89;131;205;262;293;243;219;1381;18;3;490;0;691;13;0;275;0;690;3;0;213;0;507;13;0;220;0;343;161;8;0;0;0;160;60;0;0;0;9;106;188;196;0;0;0;3;5;0;0;0;0;0;0;7;34;96;77;0;0;0;0;0;248;0;0;59;0;256;4;0;89;0;528;6;0;227;0;348;6;0;107;0;85;0;0;14;0;602;13;0;258;0;83;0;0;15;0;601;3;0;197;0
4318622;São José dos Ausentes;4;Sul;43;Rio Grande do Sul;.;;.;;4307;Caxias do Sul;430039;Vacaria;.;;1173,9066222;4172;1962;1948;14;2,9;0,0034;1459;267;222;4161;2162;1999;184;159;150;126;164;171;329;268;275;187;113;155;177;131;132;150;174;302;248;211;160;120;340;343;284;260;317;345;636;521;494;355;242;3108;163;0;884;0;1627;84;0;445;0;1481;74;0;439;0;1072;73;0;312;0;644;426;32;38;0;0;160;140;0;0;0;46;318;411;283;0;0;18;25;15;0;0;0;0;0;0;27;94;114;56;0;0;0;0;0;747;17;0;198;0;661;46;0;215;0;1225;68;0;354;0;472;22;0;98;0;275;4;0;63;0;1349;78;0;376;0;262;0;0;68;0;1218;72;0;369;0
4319000;São Marcos;4;Sul;43;Rio Grande do Sul;.;;.;;4307;Caxias do Sul;430036;Caxias do Sul;.;;256,1588803;21084;9777;9773;4;2,6;0,0433;8226;764;783;21084;10188;10896;471;533;553;628;682;730;1553;1441;1506;1189;796;511;528;486;595;693;744;1616;1517;1659;1311;1144;999;1084;1057;1232;1403;1495;3173;2971;3166;2505;1950;18138;527;0;2368;20;8679;269;0;1189;8;9457;231;0;1157;3;7100;218;0;850;0;4175;2924;117;76;0;0;498;321;0;0;0;217;1471;2860;2509;0;0;51;84;28;0;0;0;0;0;0;18;235;352;154;0;0;0;0;0;2673;34;0;406;3;3416;119;0;561;0;7943;247;0;1076;3;4097;58;0;265;0;865;0;0;106;0;7807;247;0;1055;3;908;0;0;99;0;8542;217;0;1028;0
4319356;São Pedro da Serra;4;Sul;43;Rio Grande do Sul;4319356001;Vila Seca;.;;4301;Porto Alegre;430007;Montenegro;.;;35,2066032;3548;1524;1524;0;2,7;0,0328;1309;105;110;3548;1795;1753;99;115;81;89;141;135;297;264;246;178;127;91;107;86;89;109;111;301;255;258;173;149;195;223;176;191;251;251;598;519;504;353;277;3264;48;0;228;0;1637;18;0;127;0;1627;18;0;95;0;1213;18;0;66;0;629;584;6;6;0;0;39;19;0;0;0;50;323;503;318;0;0;5;4;0;0;0;0;0;0;0;3;21;14;8;0;0;0;0;0;539;4;0;51;0;616;10;0;54;0;1508;12;0;89;0;601;0;0;18;0;202;0;0;9;0;1432;16;0;113;0;182;0;0;15;0;1443;16;0;78;0
4319711;São Valentim do Sul;4;Sul;43;Rio Grande do Sul;.;;.;;4307;Caxias do Sul;430037;Bento Gonçalves;.;;91,8977747;2207;1313;1313;0;2,6;0,0177;847;360;106;2207;1124;1083;53;41;55;54;59;59;127;158;170;179;151;36;57;45;34;39;50;134;139;149;170;195;94;103;108;97;103;111;265;297;319;351;347;1985;12;0;205;0;1005;3;0;109;0;980;8;0;92;0;769;4;0;65;0;537;232;0;3;0;0;41;17;0;0;0;7;98;278;373;0;0;0;0;0;0;0;0;0;0;0;0;13;18;10;0;0;0;0;0;270;0;0;34;0;259;0;0;53;0;791;0;0;82;0;665;0;0;25;0;86;0;0;9;0;919;3;0;97;0;93;0;0;0;0;884;8;0;86;0
4320404;Serafina Corrêa;4;Sul;43;Rio Grande do Sul;4320404001;Balneário Carreiro;.;;4307;Caxias do Sul;430038;Nova Prata - Guaporé;.;;163,3103566;16961;6939;6935;4;2,7;0,0247;6232;261;442;16948;8323;8625;469;459;463;523;639;662;1415;1156;1020;809;577;464;498;447;482;574;666;1363;1169;1089;862;871;954;990;940;1025;1226;1350;2792;2338;2117;1685;1463;14179;653;3;2089;7;6894;353;0;1049;0;7285;275;3;1029;0;5275;252;0;674;0;3496;1776;144;71;0;0;397;254;0;0;0;143;1336;2078;1686;0;9;110;49;7;0;0;0;0;0;0;83;241;198;74;0;0;0;0;0;2336;74;0;462;0;2686;204;0;695;0;6179;283;0;758;0;2973;19;0;118;0;753;3;0;151;0;6126;325;0;879;0;791;14;0;143;0;6483;235;3;870;0
4320453;Sério;4;Sul;43;Rio Grande do Sul;.;;.;;4308;Santa Cruz do Sul - Lajeado;430041;Lajeado;.;;98,1305300;1941;984;981;3;2,5;0,0000;780;64;137;1941;1000;941;44;49;38;49;32;64;131;142;169;135;128;29;33;43;34;39;39;109;135;158;125;164;85;88;88;91;73;112;240;277;327;262;292;1818;20;0;95;0;935;7;0;54;0;883;10;0;41;0;733;10;0;31;0;482;251;0;6;0;0;19;10;0;0;0;11;114;278;326;0;0;0;7;3;0;0;0;0;0;0;0;4;11;7;0;0;0;0;0;237;0;0;20;0;256;4;0;20;0;793;11;0;33;0;532;5;0;11;0;85;0;0;7;0;850;7;0;38;0;72;0;0;0;0;811;10;0;35;0
4320677;Sinimbu;4;Sul;43;Rio Grande do Sul;.;;432067700002;Pinhal;4308;Santa Cruz do Sul - Lajeado;430040;Santa Cruz do Sul;.;;510,2129517;8578;4043;4040;3;2,7;0,0000;3206;219;615;8578;4492;4086;199;234;239;300;241;245;602;682;700;598;452;196;192;180;204;229;244;563;624;579;498;573;395;426;423;504;470;489;1165;1306;1279;1096;1025;7090;140;0;1344;0;3668;71;0;742;0;3422;52;0;602;0;2643;64;0;491;0;1893;750;37;11;0;0;328;157;0;0;0;53;492;1076;1014;0;0;14;12;12;0;0;0;0;0;0;13;131;206;121;0;0;0;0;0;990;3;0;246;0;1130;20;0;302;0;3085;68;0;586;0;1885;17;0;206;0;341;0;0;86;0;3327;69;0;653;0;319;0;0;55;0;3103;48;0;535;0
4320800;Soledade;4;Sul;43;Rio Grande do Sul;.;;.;;4306;Passo Fundo;430031;Soledade;.;;1215,0555962;29991;13831;13817;14;2,5;0,0016;11717;812;1288;29985;14597;15388;937;922;909;1019;1102;1126;2146;1999;1809;1440;1094;877;904;842;974;1085;1152;2198;2078;2002;1676;1498;1829;1840;1763;2005;2210;2297;4352;4090;3818;3122;2602;23992;660;11;5280;0;11501;330;3;2720;0;12491;304;3;2556;0;9294;311;3;2077;0;4866;4424;127;149;0;0;1162;900;0;0;3;465;2243;3505;3031;0;15;55;114;40;0;0;0;0;0;4;118;582;800;495;0;0;0;0;0;4451;27;0;921;0;5003;138;0;1345;0;9717;313;4;2199;0;4814;93;0;781;0;1528;6;0;296;0;9961;311;3;2397;0;1479;0;0;272;0;11006;285;3;2263;0
4320859;Tabaí;4;Sul;43;Rio Grande do Sul;.;;432085900001;Aldeia Indígena Pó Mag;4308;Santa Cruz do Sul - Lajeado;430041;Lajeado;.;;94,7543515;4461;2237;2237;0;2,6;0,0252;1744;204;289;4461;2217;2244;134;164;135;141;136;135;301;287;339;225;198;159;120;148;111;154;138;291;292;318;257;229;297;294;288;260;291;284;594;582;657;482;427;3986;96;0;339;30;1979;44;0;165;14;2007;45;0;166;16;1572;35;0;114;8;848;724;18;14;0;0;47;54;3;5;0;59;342;616;545;0;0;14;14;0;0;0;0;0;0;0;3;33;42;21;0;0;5;0;0;773;9;0;80;10;716;17;0;82;11;1641;51;0;119;8;856;4;0;36;0;268;3;0;20;0;1711;38;0;138;12;250;0;0;24;3;1755;42;0;135;13
4321303;Taquari;4;Sul;43;Rio Grande do Sul;.;;.;;4308;Santa Cruz do Sul - Lajeado;430041;Lajeado;.;;349,9668292;25198;12189;12175;14;2,5;0,0175;10100;713;1362;25198;12209;12989;651;870;808;809;806;828;1695;1632;1659;1392;994;688;811;734;791;758;818;1756;1751;1827;1591;1387;1359;1696;1551;1614;1583;1665;3454;3385;3489;2987;2391;22634;805;4;1736;0;10895;397;0;884;0;11739;389;0;841;0;9115;340;0;614;0;4804;4309;175;136;0;0;322;251;0;0;11;345;2022;3478;3223;0;0;67;101;66;0;0;0;0;0;0;22;148;220;113;0;0;0;0;0;4050;74;0;432;0;4275;145;0;404;0;9310;361;0;624;0;4999;139;0;186;0;1359;3;0;95;0;9534;363;0;745;0;1338;10;0;132;0;10394;359;0;688;0
4321451;Teutônia;4;Sul;43;Rio Grande do Sul;.;;.;;4308;Santa Cruz do Sul - Lajeado;430041;Lajeado;.;;177,7953415;32797;14303;14286;17;2,6;0,0165;12779;430;1077;32797;16018;16779;996;1065;971;979;1088;1152;2614;2431;2017;1569;1100;1004;931;940;958;1126;1193;2629;2506;2172;1757;1532;2003;2002;1921;1947;2225;2351;5243;4939;4191;3329;2640;28616;1007;0;3133;4;13922;508;0;1563;0;14694;492;0;1567;0;11160;440;0;1144;3;5993;5167;222;202;0;0;557;569;0;0;33;558;2978;4375;3176;0;14;111;147;65;0;0;0;0;0;0;103;407;390;161;0;0;0;0;0;5095;104;0;686;0;5398;217;0;861;0;12605;491;0;1244;0;5518;120;0;282;0;1776;20;0;236;0;12146;472;0;1310;0;1693;22;0;186;0;12999;453;0;1361;0
4321626;Travesseiro;4;Sul;43;Rio Grande do Sul;.;;.;;4308;Santa Cruz do Sul - Lajeado;430041;Lajeado;.;;80,6808530;2152;1090;1090;0;2,6;0,0048;832;115;143;2152;1083;1069;55;44;38;56;67;50;115;144;185;161;166;32;43;47;56;58;48;98;131;181;177;196;89;87;87;112;125;98;213;275;366;338;362;2039;18;0;91;0;1034;6;0;39;0;1005;10;0;47;0;794;6;0;24;0;503;291;0;0;0;0;15;3;0;0;0;14;97;292;388;0;0;0;6;0;0;0;0;0;0;0;0;0;13;0;0;0;0;0;0;244;0;0;15;0;305;0;0;23;0;800;10;0;37;0;690;0;0;3;0;93;0;0;0;0;941;3;0;35;0;65;0;0;10;0;938;10;0;37;0
4322004;Triunfo;4;Sul;43;Rio Grande do Sul;4322004004;Vila dos Morenos;.;;4301;Porto Alegre;430006;Charqueadas - Triunfo - São Jerônimo;.;;817,6250182;27498;13318;13298;20;2,6;0,0060;10574;1156;1568;27417;13669;13748;865;919;941;942;915;987;1990;1788;1702;1503;1075;832;884;923;846;956;947;2024;1753;1821;1499;1204;1706;1812;1874;1794;1884;1940;4016;3545;3533;3006;2286;22721;1411;0;3253;18;11266;703;0;1673;4;11455;686;0;1575;12;8793;571;0;1184;3;4681;4110;259;287;0;0;614;540;0;0;0;377;2097;3324;2964;0;19;152;199;103;0;0;0;0;0;0;64;340;417;257;0;0;0;3;0;4365;218;0;765;0;4478;295;0;804;3;9211;623;0;1226;6;4659;175;0;407;0;1439;46;0;248;0;9823;622;0;1403;4;1409;59;0;210;0;10043;605;0;1335;10
4322350;União da Serra;4;Sul;43;Rio Grande do Sul;.;;.;;4307;Caxias do Sul;430038;Nova Prata - Guaporé;.;;131,1539390;1170;578;578;0;2,7;0,0115;436;84;58;1170;623;547;20;20;19;29;14;27;65;81;100;128;99;10;22;16;27;13;17;50;56;91;113;105;39;48;43;57;34;48;115;137;191;241;204;1078;7;0;76;0;583;3;0;31;0;495;4;0;38;0;408;0;0;21;0;345;61;0;0;0;0;16;0;0;0;0;0;48;129;224;0;0;0;0;0;0;0;0;0;0;0;0;0;8;3;0;0;0;0;0;115;3;0;9;0;125;0;0;10;0;400;3;0;35;0;436;0;0;5;0;36;3;0;0;0;543;0;0;28;0;32;0;0;3;0;461;4;0;30;0
4322509;Vacaria;4;Sul;43;Rio Grande do Sul;4322509004;Área Industrial II;.;;4307;Caxias do Sul;430039;Vacaria;.;;2124,4919789;64197;27701;27647;54;2,7;0,0130;23657;1428;2562;64177;31442;32735;2117;2291;2138;2312;2373;2458;4575;4178;3785;2840;2114;2014;2110;1983;2136;2277;2338;4670;4339;4251;3307;3013;4183;4466;4173;4508;4700;4833;9255;8542;8052;6171;5162;44579;2744;9;16661;115;21436;1429;0;8442;50;23143;1254;0;8195;53;16494;1211;0;5831;14;8048;8432;567;566;0;0;2816;2973;6;6;22;803;4074;6152;5293;0;22;279;415;263;0;0;0;0;0;8;365;1685;2233;1331;0;3;3;0;0;8811;275;0;3637;39;9174;551;0;4211;36;17924;1255;0;6573;21;8653;451;0;2140;0;3070;51;0;1206;0;18337;1314;0;7193;27;2938;46;0;1068;9;20175;1150;0;7072;38
4322525;Vale Verde;4;Sul;43;Rio Grande do Sul;4322525001;Monte Alegre;.;;4308;Santa Cruz do Sul - Lajeado;430040;Santa Cruz do Sul;.;;329,7268450;3150;2059;2058;1;2,4;0,0039;1294;574;190;3150;1605;1545;70;91;91;103;99;80;191;236;233;214;176;64;82;73;93;69;96;203;207;241;194;190;142;176;172;197;181;178;394;443;479;408;368;2751;107;0;285;0;1387;55;0;157;0;1362;47;0;125;0;1133;43;0;106;0;643;490;15;20;0;0;65;35;0;0;6;31;204;435;445;0;0;0;10;6;0;0;0;0;0;0;3;28;42;23;0;0;0;0;0;417;9;0;56;0;466;23;0;60;0;1145;50;0;119;0;721;13;0;33;0;141;0;0;9;0;1246;47;0;139;0;134;0;0;17;0;1228;45;0;106;0
4322558;Vanini;4;Sul;43;Rio Grande do Sul;.;;.;;4306;Passo Fundo;430030;Marau;.;;64,9047783;2004;913;912;1;2,5;0,0000;788;47;77;2004;1000;1004;49;48;54;55;55;58;123;115;181;152;110;45;41;46;57;55;56;124;129;164;141;144;94;91;100;112;110;114;247;244;345;293;254;1677;66;0;261;0;834;38;0;127;0;843;24;0;134;0;688;25;0;73;0;479;209;18;7;0;0;50;22;0;0;0;20;122;255;289;0;0;8;10;0;0;0;0;0;0;0;0;18;28;17;0;0;0;0;0;218;3;0;63;0;271;12;0;50;0;678;39;0;117;0;510;3;0;30;0;74;0;0;19;0;760;36;0;106;0;71;0;0;14;0;772;23;0;118;0
4322608;Venâncio Aires;4;Sul;43;Rio Grande do Sul;.;;.;;4308;Santa Cruz do Sul - Lajeado;430040;Santa Cruz do Sul;.;;772,5880458;68763;32569;32548;21;2,5;0,0000;27694;1535;3319;68757;33791;34966;1860;1894;1775;2006;2354;2666;5233;4865;4596;3761;2638;1786;1945;1681;1889;2269;2314;5171;5010;4891;4078;3749;3692;3865;3475;3920;4652;4999;10418;9889;9494;7849;6406;58776;3620;18;6274;8;28709;1775;10;3226;3;30067;1798;5;3031;0;23994;1468;3;2156;3;13206;10786;627;776;0;0;1120;978;0;0;31;956;5700;9244;7953;3;48;374;544;282;0;0;0;0;0;0;140;641;783;358;0;0;0;0;0;9205;419;3;1347;0;10949;874;3;1695;0;25572;1653;7;2495;0;13037;484;0;618;0;3151;126;0;389;0;25546;1595;10;2770;3;3159;97;0;411;0;26895;1651;5;2556;0
4322806;Veranópolis;4;Sul;43;Rio Grande do Sul;.;;.;;4307;Caxias do Sul;430037;Bento Gonçalves;.;;289,3965137;24021;11225;11212;13;2,5;0,0491;9536;671;1005;24021;11684;12337;579;615;539;601;752;795;1846;1713;1695;1431;1044;511;611;553;586;705;780;1860;1860;1781;1497;1510;1105;1245;1122;1203;1468;1586;3708;3576;3478;2935;2556;20703;612;7;2659;9;9950;298;6;1389;0;10753;280;0;1267;6;8300;240;0;944;3;4812;3482;133;77;0;0;536;387;0;3;0;236;1733;3242;3052;0;4;64;78;21;0;0;0;0;0;0;77;299;370;106;0;0;0;0;0;2882;47;0;508;0;3339;128;0;764;0;9295;294;0;1134;0;5185;52;0;201;0;974;7;0;185;0;8967;273;3;1173;0;978;3;0;106;0;9769;253;0;1126;6
4322855;Vespasiano Corrêa;4;Sul;43;Rio Grande do Sul;.;;.;;4308;Santa Cruz do Sul - Lajeado;430043;Encantado;.;;113,6219435;1818;815;815;0;2,8;0,0031;644;112;59;1818;938;880;36;43;46;51;49;39;113;112;165;126;155;40;26;39;32;45;53;105;106;133;127;167;78;72;86;84;94;93;218;218;298;253;322;1735;5;0;73;0;890;0;0;42;0;845;3;0;26;0;609;0;0;29;0;443;166;0;0;0;0;21;7;0;0;0;3;77;240;283;0;0;0;0;0;0;0;0;0;0;0;0;4;15;3;0;0;0;0;0;227;0;0;10;0;261;0;0;3;0;689;0;0;40;0;558;3;0;8;0;77;0;0;3;0;813;0;0;37;0;67;0;0;0;0;778;3;0;23;0
4323309;Vila Flores;4;Sul;43;Rio Grande do Sul;.;;.;;4307;Caxias do Sul;430037;Bento Gonçalves;.;;107,7025825;3646;1668;1664;4;2,7;0,0242;1324;189;151;3622;1791;1831;85;109;80;76;112;91;282;253;250;250;175;97;112;84;86;80;111;294;224;250;233;242;184;224;166;162;195;204;578;479;502;490;424;3152;119;0;343;4;1560;62;0;161;0;1592;55;0;180;0;1169;37;0;102;0;779;390;25;8;0;0;54;40;0;0;0;24;239;424;471;0;0;8;13;8;0;0;0;0;0;0;0;22;38;14;0;0;0;0;0;496;6;0;63;0;433;27;0;101;0;1358;54;0;139;0;864;14;0;32;0;173;3;0;11;0;1384;57;0;145;0;184;0;0;18;0;1408;52;0;155;0
4323408;Vila Maria;4;Sul;43;Rio Grande do Sul;.;;.;;4306;Passo Fundo;430030;Marau;.;;181,0613310;4413;2002;2002;0;2,7;0,0012;1658;228;116;4382;2211;2171;115;118;103;108;142;155;343;264;309;323;220;106;103;104;112;123;142;311;264;324;297;275;222;222;209;222;270;302;654;528;633;620;498;3779;80;0;519;0;1902;36;0;268;0;1877;39;0;251;0;1435;31;0;177;0;842;593;7;20;0;0;90;81;0;0;3;33;321;498;572;0;0;14;11;3;0;0;0;0;0;3;11;61;56;28;0;0;0;0;0;522;11;0;116;0;637;17;0;136;0;1565;43;0;204;0;1055;4;0;55;0;196;0;0;28;0;1706;31;0;234;0;168;0;0;35;0;1708;37;0;212;0
4323606;Vista Alegre do Prata;4;Sul;43;Rio Grande do Sul;.;;.;;4307;Caxias do Sul;430038;Nova Prata - Guaporé;.;;119,3272633;1590;772;772;0;2,8;0,0330;576;145;51;1590;827;763;40;31;48;43;44;32;96;110;143;115;111;30;45;35;30;40;35;81;112;104;113;125;72;78;88;75;86;72;177;224;247;228;239;1444;38;0;106;0;757;18;0;49;0;687;14;0;57;0;534;10;0;23;0;383;151;5;0;0;0;7;12;0;0;0;5;74;211;240;0;0;0;0;3;0;0;0;0;0;0;0;4;14;0;0;0;0;0;0;204;0;0;30;0;203;3;0;24;0;583;19;0;42;0;454;7;0;0;0;63;0;0;3;0;694;18;0;35;0;69;0;0;3;0;618;14;0;47;0
4323770;Westfália;4;Sul;43;Rio Grande do Sul;.;;.;;4308;Santa Cruz do Sul - Lajeado;430041;Lajeado;.;;63,6653498;3098;1277;1277;0;2,8;0,0063;1114;54;109;3098;1560;1538;88;91;84;87;89;97;243;224;232;159;153;75;102;70;94;69;111;227;204;219;174;181;163;196;158;185;162;208;471;432;451;333;336;2884;42;0;168;0;1451;14;0;84;0;1433;19;0;79;0;1046;17;0;44;0;748;297;8;3;0;0;29;9;0;0;0;26;237;418;357;0;0;0;0;4;0;0;0;0;0;0;3;17;9;0;0;0;0;0;0;471;0;0;40;0;496;7;0;50;0;1268;21;0;56;0;649;5;0;3;0;164;0;0;6;0;1285;13;0;70;0;162;0;0;6;0;1271;19;0;62;0
