CD_MUN;NM_MUN;ano;pcd_pessoas_2mais;pcd_pct_2mais;tea_pessoas;tea_pct;fonte_pcd;fonte_tea
4300059;Água Santa;2022;77;2;15;0.4;SIDRA IBGE · tabela 10125 · 2022;SIDRA IBGE · tabela 10145 · 2022
4300661;André da Rocha;2022;87;7.8;4;0.3;SIDRA IBGE · tabela 10125 · 2022;SIDRA IBGE · tabela 10145 · 2022
4300703;Anta Gorda;2022;185;3.2;41;0.7;SIDRA IBGE · tabela 10125 · 2022;SIDRA IBGE · tabela 10145 · 2022
4300802;Antônio Prado;2022;808;6.3;81;0.6;SIDRA IBGE · tabela 10125 · 2022;SIDRA IBGE · tabela 10145 · 2022
4301008;Arroio do Meio;2022;1207;5.6;149;0.7;SIDRA IBGE · tabela 10125 · 2022;SIDRA IBGE · tabela 10145 · 2022
4301404;Arvorezinha;2022;650;6.4;140;1.4;SIDRA IBGE · tabela 10125 · 2022;SIDRA IBGE · tabela 10145 · 2022
4301651;Barão;2022;388;6.1;37;0.6;SIDRA IBGE · tabela 10125 · 2022;SIDRA IBGE · tabela 10145 · 2022
4302006;Barros Cassal;2022;926;10.2;83;0.9;SIDRA IBGE · tabela 10125 · 2022;SIDRA IBGE · tabela 10145 · 2022
4302105;Bento Gonçalves;2022;6231;5.2;959;0.8;SIDRA IBGE · tabela 10125 · 2022;SIDRA IBGE · tabela 10145 · 2022
4302253;Boa Vista do Sul;2022;152;5.6;10;0.3;SIDRA IBGE · tabela 10125 · 2022;SIDRA IBGE · tabela 10145 · 2022
4302303;Bom Jesus;2022;730;6.7;155;1.4;SIDRA IBGE · tabela 10125 · 2022;SIDRA IBGE · tabela 10145 · 2022
4302402;Bom Retiro do Sul;2022;973;8.1;108;0.9;SIDRA IBGE · tabela 10125 · 2022;SIDRA IBGE · tabela 10145 · 2022
4302451;Boqueirão do Leão;2022;521;8.5;57;0.9;SIDRA IBGE · tabela 10125 · 2022;SIDRA IBGE · tabela 10145 · 2022
4302659;Brochier;2022;418;8.6;31;0.6;SIDRA IBGE · tabela 10125 · 2022;SIDRA IBGE · tabela 10145 · 2022
4303558;Camargo;2022;187;6.4;13;0.4;SIDRA IBGE · tabela 10125 · 2022;SIDRA IBGE · tabela 10145 · 2022
4303608;Cambará do Sul;2022;449;7.3;57;0.9;SIDRA IBGE · tabela 10125 · 2022;SIDRA IBGE · tabela 10145 · 2022
4303673;Campestre da Serra;2022;241;7.6;16;0.5;SIDRA IBGE · tabela 10125 · 2022;SIDRA IBGE · tabela 10145 · 2022
4304614;Canudos do Vale;2022;109;6.7;2;0.1;SIDRA IBGE · tabela 10125 · 2022;SIDRA IBGE · tabela 10145 · 2022
4304622;Capão Bonito do Sul;2022;65;3.8;10;0.6;SIDRA IBGE · tabela 10125 · 2022;SIDRA IBGE · tabela 10145 · 2022
4304697;Capitão;2022;261;9.2;16;0.6;SIDRA IBGE · tabela 10125 · 2022;SIDRA IBGE · tabela 10145 · 2022
4304804;Carlos Barbosa;2022;1401;4.7;307;1;SIDRA IBGE · tabela 10125 · 2022;SIDRA IBGE · tabela 10145 · 2022
4304903;Casca;2022;454;4.9;44;0.5;SIDRA IBGE · tabela 10125 · 2022;SIDRA IBGE · tabela 10145 · 2022
4304952;Caseiros;2022;221;7.5;36;1.2;SIDRA IBGE · tabela 10125 · 2022;SIDRA IBGE · tabela 10145 · 2022
4305108;Caxias do Sul;2022;30803;6.8;5430;1.2;SIDRA IBGE · tabela 10125 · 2022;SIDRA IBGE · tabela 10145 · 2022
4305504;Ciríaco;2022;334;8.2;33;0.8;SIDRA IBGE · tabela 10125 · 2022;SIDRA IBGE · tabela 10145 · 2022
4305587;Colinas;2022;189;7.9;42;1.7;SIDRA IBGE · tabela 10125 · 2022;SIDRA IBGE · tabela 10145 · 2022
4305835;Coqueiro Baixo;2022;89;7;8;0.6;SIDRA IBGE · tabela 10125 · 2022;SIDRA IBGE · tabela 10145 · 2022
4305934;Coronel Pilar;2022;92;5.8;7;0.5;SIDRA IBGE · tabela 10125 · 2022;SIDRA IBGE · tabela 10145 · 2022
4305959;Cotiporã;2022;447;11.8;30;0.8;SIDRA IBGE · tabela 10125 · 2022;SIDRA IBGE · tabela 10145 · 2022
4306205;Cruzeiro do Sul;2022;1008;8.9;97;0.8;SIDRA IBGE · tabela 10125 · 2022;SIDRA IBGE · tabela 10145 · 2022
4306304;David Canabarro;2022;364;8.6;5;0.1;SIDRA IBGE · tabela 10125 · 2022;SIDRA IBGE · tabela 10145 · 2022
4306452;Dois Lajeados;2022;158;5.2;21;0.7;SIDRA IBGE · tabela 10125 · 2022;SIDRA IBGE · tabela 10145 · 2022
4306759;Doutor Ricardo;2022;88;4.8;7;0.4;SIDRA IBGE · tabela 10125 · 2022;SIDRA IBGE · tabela 10145 · 2022
4306809;Encantado;2022;1697;7.5;198;0.9;SIDRA IBGE · tabela 10125 · 2022;SIDRA IBGE · tabela 10145 · 2022
4307807;Estrela;2022;1941;6.1;329;1;SIDRA IBGE · tabela 10125 · 2022;SIDRA IBGE · tabela 10145 · 2022
4307864;Fagundes Varela;2022;147;5.8;2;0.1;SIDRA IBGE · tabela 10125 · 2022;SIDRA IBGE · tabela 10145 · 2022
4307906;Farroupilha;2022;3430;5;598;0.9;SIDRA IBGE · tabela 10125 · 2022;SIDRA IBGE · tabela 10145 · 2022
4308078;Fazenda Vilanova;2022;280;6.7;30;0.7;SIDRA IBGE · tabela 10125 · 2022;SIDRA IBGE · tabela 10145 · 2022
4308201;Flores da Cunha;2022;1548;5.1;315;1;SIDRA IBGE · tabela 10125 · 2022;SIDRA IBGE · tabela 10145 · 2022
4308300;Fontoura Xavier;2022;972;10.4;62;0.6;SIDRA IBGE · tabela 10125 · 2022;SIDRA IBGE · tabela 10145 · 2022
4308433;Forquetinha;2022;281;12;4;0.2;SIDRA IBGE · tabela 10125 · 2022;SIDRA IBGE · tabela 10145 · 2022
4308607;Garibaldi;2022;1780;5.3;318;0.9;SIDRA IBGE · tabela 10125 · 2022;SIDRA IBGE · tabela 10145 · 2022
4308805;General Câmara;2022;552;7.4;104;1.4;SIDRA IBGE · tabela 10125 · 2022;SIDRA IBGE · tabela 10145 · 2022
4308854;Gentil;2022;164;9.6;3;0.2;SIDRA IBGE · tabela 10125 · 2022;SIDRA IBGE · tabela 10145 · 2022
4309258;Guabiju;2022;76;5.4;2;0.1;SIDRA IBGE · tabela 10125 · 2022;SIDRA IBGE · tabela 10145 · 2022
4309407;Guaporé;2022;1136;4.6;419;1.7;SIDRA IBGE · tabela 10125 · 2022;SIDRA IBGE · tabela 10145 · 2022
4309902;Ibiraiaras;2022;387;5.8;36;0.5;SIDRA IBGE · tabela 10125 · 2022;SIDRA IBGE · tabela 10145 · 2022
4309951;Ibirapuitã;2022;493;13.6;53;1.4;SIDRA IBGE · tabela 10125 · 2022;SIDRA IBGE · tabela 10145 · 2022
4310306;Ilópolis;2022;249;6.1;31;0.8;SIDRA IBGE · tabela 10125 · 2022;SIDRA IBGE · tabela 10145 · 2022
4310363;Imigrante;2022;155;5.1;13;0.4;SIDRA IBGE · tabela 10125 · 2022;SIDRA IBGE · tabela 10145 · 2022
4310439;Ipê;2022;442;8.4;10;0.2;SIDRA IBGE · tabela 10125 · 2022;SIDRA IBGE · tabela 10145 · 2022
4310579;Itapuca;2022;101;5.3;9;0.5;SIDRA IBGE · tabela 10125 · 2022;SIDRA IBGE · tabela 10145 · 2022
4311122;Jaquirana;2022;194;5.3;62;1.7;SIDRA IBGE · tabela 10125 · 2022;SIDRA IBGE · tabela 10145 · 2022
4311304;Lagoa Vermelha;2022;1926;7.2;316;1.1;SIDRA IBGE · tabela 10125 · 2022;SIDRA IBGE · tabela 10145 · 2022
4311403;Lajeado;2022;4873;5.3;875;0.9;SIDRA IBGE · tabela 10125 · 2022;SIDRA IBGE · tabela 10145 · 2022
4311809;Marau;2022;3161;7.2;479;1.1;SIDRA IBGE · tabela 10125 · 2022;SIDRA IBGE · tabela 10145 · 2022
4312054;Marques de Souza;2022;201;5.2;31;0.8;SIDRA IBGE · tabela 10125 · 2022;SIDRA IBGE · tabela 10145 · 2022
4312138;Mato Castelhano;2022;220;8.9;9;0.4;SIDRA IBGE · tabela 10125 · 2022;SIDRA IBGE · tabela 10145 · 2022
4312153;Mato Leitão;2022;406;8.6;42;0.9;SIDRA IBGE · tabela 10125 · 2022;SIDRA IBGE · tabela 10145 · 2022
4312351;Montauri;2022;74;5;;;SIDRA IBGE · tabela 10125 · 2022;SIDRA IBGE · tabela 10145 · 2022
4312377;Monte Alegre dos Campos;2022;345;11;22;0.7;SIDRA IBGE · tabela 10125 · 2022;SIDRA IBGE · tabela 10145 · 2022
4312385;Monte Belo do Sul;2022;129;5.2;42;1.6;SIDRA IBGE · tabela 10125 · 2022;SIDRA IBGE · tabela 10145 · 2022
4312401;Montenegro;2022;4167;6.6;870;1.4;SIDRA IBGE · tabela 10125 · 2022;SIDRA IBGE · tabela 10145 · 2022
4312609;Muçum;2022;300;6.7;26;0.6;SIDRA IBGE · tabela 10125 · 2022;SIDRA IBGE · tabela 10145 · 2022
4312617;Muitos Capões;2022;133;4.7;15;0.5;SIDRA IBGE · tabela 10125 · 2022;SIDRA IBGE · tabela 10145 · 2022
4312625;Muliterno;2022;140;8.3;7;0.4;SIDRA IBGE · tabela 10125 · 2022;SIDRA IBGE · tabela 10145 · 2022
4312757;Nova Alvorada;2022;213;6.9;5;0.2;SIDRA IBGE · tabela 10125 · 2022;SIDRA IBGE · tabela 10145 · 2022
4312807;Nova Araçá;2022;191;4;38;0.8;SIDRA IBGE · tabela 10125 · 2022;SIDRA IBGE · tabela 10145 · 2022
4312906;Nova Bassano;2022;371;3.9;82;0.9;SIDRA IBGE · tabela 10125 · 2022;SIDRA IBGE · tabela 10145 · 2022
4313003;Nova Bréscia;2022;348;11.6;14;0.5;SIDRA IBGE · tabela 10125 · 2022;SIDRA IBGE · tabela 10145 · 2022
4313086;Nova Pádua;2022;79;3.4;7;0.3;SIDRA IBGE · tabela 10125 · 2022;SIDRA IBGE · tabela 10145 · 2022
4313300;Nova Prata;2022;1504;6;160;0.6;SIDRA IBGE · tabela 10125 · 2022;SIDRA IBGE · tabela 10145 · 2022
4313359;Nova Roma do Sul;2022;151;4.4;22;0.6;SIDRA IBGE · tabela 10125 · 2022;SIDRA IBGE · tabela 10145 · 2022
4314001;Paraí;2022;314;4.5;35;0.5;SIDRA IBGE · tabela 10125 · 2022;SIDRA IBGE · tabela 10145 · 2022
4314076;Passo do Sobrado;2022;212;3.6;28;0.5;SIDRA IBGE · tabela 10125 · 2022;SIDRA IBGE · tabela 10145 · 2022
4314100;Passo Fundo;2022;13412;6.7;2803;1.4;SIDRA IBGE · tabela 10125 · 2022;SIDRA IBGE · tabela 10145 · 2022
4314159;Paverama;2022;561;7.2;36;0.4;SIDRA IBGE · tabela 10125 · 2022;SIDRA IBGE · tabela 10145 · 2022
4314548;Pinto Bandeira;2022;129;4.8;19;0.7;SIDRA IBGE · tabela 10125 · 2022;SIDRA IBGE · tabela 10145 · 2022
4314753;Poço das Antas;2022;56;2.6;19;0.9;SIDRA IBGE · tabela 10125 · 2022;SIDRA IBGE · tabela 10145 · 2022
4315131;Pouso Novo;2022;146;8.5;7;0.4;SIDRA IBGE · tabela 10125 · 2022;SIDRA IBGE · tabela 10145 · 2022
4315156;Progresso;2022;199;3.8;27;0.5;SIDRA IBGE · tabela 10125 · 2022;SIDRA IBGE · tabela 10145 · 2022
4315172;Protásio Alves;2022;91;4.6;6;0.3;SIDRA IBGE · tabela 10125 · 2022;SIDRA IBGE · tabela 10145 · 2022
4315206;Putinga;2022;241;6.5;17;0.5;SIDRA IBGE · tabela 10125 · 2022;SIDRA IBGE · tabela 10145 · 2022
4315453;Relvado;2022;162;9.2;5;0.3;SIDRA IBGE · tabela 10125 · 2022;SIDRA IBGE · tabela 10145 · 2022
4315800;Roca Sales;2022;668;6.5;50;0.5;SIDRA IBGE · tabela 10125 · 2022;SIDRA IBGE · tabela 10145 · 2022
4316501;Salvador do Sul;2022;449;6.7;157;2.3;SIDRA IBGE · tabela 10125 · 2022;SIDRA IBGE · tabela 10145 · 2022
4316758;Santa Clara do Sul;2022;277;4.1;70;1;SIDRA IBGE · tabela 10125 · 2022;SIDRA IBGE · tabela 10145 · 2022
4316808;Santa Cruz do Sul;2022;7838;6;1372;1;SIDRA IBGE · tabela 10125 · 2022;SIDRA IBGE · tabela 10145 · 2022
4317251;Santa Tereza;2022;128;8.5;7;0.5;SIDRA IBGE · tabela 10125 · 2022;SIDRA IBGE · tabela 10145 · 2022
4317558;Santo Antônio do Palma;2022;176;8.6;5;0.2;SIDRA IBGE · tabela 10125 · 2022;SIDRA IBGE · tabela 10145 · 2022
4318051;São Domingos do Sul;2022;160;5.9;26;0.9;SIDRA IBGE · tabela 10125 · 2022;SIDRA IBGE · tabela 10145 · 2022
4318200;São Francisco de Paula;2022;1579;7.4;272;1.2;SIDRA IBGE · tabela 10125 · 2022;SIDRA IBGE · tabela 10145 · 2022
4318440;São Jorge;2022;163;5.7;6;0.2;SIDRA IBGE · tabela 10125 · 2022;SIDRA IBGE · tabela 10145 · 2022
4318465;São José do Herval;2022;222;11.9;15;0.8;SIDRA IBGE · tabela 10125 · 2022;SIDRA IBGE · tabela 10145 · 2022
4318622;São José dos Ausentes;2022;251;6.2;25;0.6;SIDRA IBGE · tabela 10125 · 2022;SIDRA IBGE · tabela 10145 · 2022
4319000;São Marcos;2022;1007;4.9;141;0.7;SIDRA IBGE · tabela 10125 · 2022;SIDRA IBGE · tabela 10145 · 2022
4319356;São Pedro da Serra;2022;174;5;23;0.7;SIDRA IBGE · tabela 10125 · 2022;SIDRA IBGE · tabela 10145 · 2022
4319711;São Valentim do Sul;2022;166;7.6;13;0.6;SIDRA IBGE · tabela 10125 · 2022;SIDRA IBGE · tabela 10145 · 2022
4320404;Serafina Corrêa;2022;697;4.2;78;0.5;SIDRA IBGE · tabela 10125 · 2022;SIDRA IBGE · tabela 10145 · 2022
4320453;Sério;2022;275;14.4;19;1;SIDRA IBGE · tabela 10125 · 2022;SIDRA IBGE · tabela 10145 · 2022
4320677;Sinimbu;2022;799;9.5;64;0.7;SIDRA IBGE · tabela 10125 · 2022;SIDRA IBGE · tabela 10145 · 2022
4320800;Soledade;2022;1434;4.9;188;0.6;SIDRA IBGE · tabela 10125 · 2022;SIDRA IBGE · tabela 10145 · 2022
4320859;Tabaí;2022;487;11.2;45;1;SIDRA IBGE · tabela 10125 · 2022;SIDRA IBGE · tabela 10145 · 2022
4321303;Taquari;2022;1902;7.7;300;1.2;SIDRA IBGE · tabela 10125 · 2022;SIDRA IBGE · tabela 10145 · 2022
4321451;Teutônia;2022;1473;4.6;431;1.3;SIDRA IBGE · tabela 10125 · 2022;SIDRA IBGE · tabela 10145 · 2022
4321626;Travesseiro;2022;110;5.2;16;0.8;SIDRA IBGE · tabela 10125 · 2022;SIDRA IBGE · tabela 10145 · 2022
4322004;Triunfo;2022;2057;7.7;377;1.4;SIDRA IBGE · tabela 10125 · 2022;SIDRA IBGE · tabela 10145 · 2022
4322350;União da Serra;2022;79;6.8;4;0.4;SIDRA IBGE · tabela 10125 · 2022;SIDRA IBGE · tabela 10145 · 2022
4322509;Vacaria;2022;4773;7.6;864;1.3;SIDRA IBGE · tabela 10125 · 2022;SIDRA IBGE · tabela 10145 · 2022
4322525;Vale Verde;2022;342;11;27;0.9;SIDRA IBGE · tabela 10125 · 2022;SIDRA IBGE · tabela 10145 · 2022
4322558;Vanini;2022;100;5.1;21;1;SIDRA IBGE · tabela 10125 · 2022;SIDRA IBGE · tabela 10145 · 2022
4322608;Venâncio Aires;2022;5272;7.8;837;1.2;SIDRA IBGE · tabela 10125 · 2022;SIDRA IBGE · tabela 10145 · 2022
4322806;Veranópolis;2022;1216;5.1;224;0.9;SIDRA IBGE · tabela 10125 · 2022;SIDRA IBGE · tabela 10145 · 2022
4322855;Vespasiano Corrêa;2022;244;13.7;6;0.3;SIDRA IBGE · tabela 10125 · 2022;SIDRA IBGE · tabela 10145 · 2022
4323309;Vila Flores;2022;195;5.5;3;0.1;SIDRA IBGE · tabela 10125 · 2022;SIDRA IBGE · tabela 10145 · 2022
4323408;Vila Maria;2022;264;6.1;24;0.5;SIDRA IBGE · tabela 10125 · 2022;SIDRA IBGE · tabela 10145 · 2022
4323606;Vista Alegre do Prata;2022;58;3.7;9;0.5;SIDRA IBGE · tabela 10125 · 2022;SIDRA IBGE · tabela 10145 · 2022
4323770;Westfália;2022;164;5.4;81;2.6;SIDRA IBGE · tabela 10125 · 2022;SIDRA IBGE · tabela 10145 · 2022
