CD_MUN;NM_MUN;V05000;V05001;V05002;V05003;V05004;V05005;V05006;V05007;V05008;V05009;V05010;V05011;V05012;V05013;V05014;V05015;V05016;V05017;V05018;V05019;V05020;V05021;V05022;V05023;V05024;V05025;V05026;V05027;V05028;V05029;V05030;V05031;V05032;V05033;V05034;V05400;V05401;V05402;V05403;V05404;V05405;V05406;V05407;V05408;V05409;V05410;V05411;V05412;V05413;V05414;V05415;V05416;V05417;V05418;V05419;V05420;V05421;V05422;V05423;V05424;V05425;V05426;V05427;V05428;V05429;V05430;V05431;V05432;V05433;V05434;V05200;V05201;V05202;V05203;V05204;V05205;V05206;V05207;V05208;V05209;V05210;V05211;V05212;V05213;V05214;V05215;V05216;V05217;V05218;V05219;V05220;V05221;V05222;V05223;V05224;V05225;V05226;V05227;V05228;V05229;V05230;V05231;V05232;V05233;V05234
4300059;Água Santa;637;631;6;0;0;0;500;137;0;515;122;0;598;39;0;43;594;0;0;637;0;414;223;0;384;30;223;127;287;223;82;102;160;293;0;285;282;3;0;0;0;181;104;0;194;91;0;237;48;0;18;267;0;0;285;0;127;158;0;108;19;158;52;75;158;76;55;54;100;0;1703;1682;21;0;0;0;1317;386;0;1341;362;0;1576;127;0;120;1583;0;0;1703;0;1061;642;0;985;76;642;310;751;642;230;286;442;745;0
4300661;André da Rocha;215;213;2;0;0;0;183;32;0;199;16;0;213;2;0;42;173;0;0;215;0;182;33;0;72;110;33;166;16;33;38;35;40;102;0;91;89;2;0;0;0;51;40;0;70;21;0;86;5;0;5;86;0;0;91;0;53;38;0;21;32;38;45;8;38;22;22;13;34;0;571;568;3;0;0;0;484;87;0;529;42;0;568;3;0;113;458;0;0;571;0;485;86;0;202;283;86;441;44;86;115;94;100;262;0
4300703;Anta Gorda;1022;951;71;0;0;0;971;51;0;973;49;0;1022;0;0;84;938;0;0;1022;0;966;56;0;368;598;56;79;887;56;276;240;202;304;0;329;310;18;0;0;1;298;30;1;301;27;1;324;4;1;6;322;1;0;328;1;289;39;1;103;186;40;29;260;40;133;70;49;76;1;2559;2362;197;0;0;0;2410;149;0;2417;142;0;2559;0;0;216;2343;0;0;2559;0;2401;158;0;902;1499;158;187;2214;158;711;597;475;776;0
4300802;Antônio Prado;3011;2511;206;0;0;294;2673;44;294;2613;104;294;2717;0;294;81;2636;294;103;2614;294;2298;419;294;1483;815;713;425;1873;713;1315;283;316;803;294;851;659;80;11;0;101;684;66;101;644;106;101;740;10;101;18;732;101;15;735;101;515;235;101;331;184;336;63;452;336;405;103;73;169;101;7572;6238;598;0;0;736;6689;147;736;6562;274;736;6836;0;736;187;6649;736;254;6582;736;5678;1158;736;3801;1877;1894;977;4701;1894;3440;742;770;1884;736
4301008;Arroio do Meio;6770;6647;110;0;0;13;5207;1550;13;5936;821;13;6740;17;13;910;5847;13;0;6757;13;4560;2197;13;2823;1737;2210;2382;2178;2210;1803;1344;1011;2599;13;2210;2161;16;7;0;26;1456;728;26;1875;309;26;2146;38;26;224;1960;26;1;2183;26;1218;966;26;550;668;992;703;515;992;961;444;246;533;26;17556;17243;279;0;0;34;13373;4149;34;15399;2123;34;17479;43;34;2329;15193;34;0;17522;34;11756;5766;34;7357;4399;5800;5951;5805;5800;4675;3528;2585;6734;34
4301404;Arvorezinha;2676;2555;88;23;0;10;2333;333;10;2054;612;10;2582;84;10;0;2666;10;22;2644;10;2125;541;10;1170;955;551;204;1921;551;1138;515;474;539;10;947;861;46;36;0;4;692;251;4;635;308;4;836;107;4;0;943;4;2;941;4;570;373;4;309;261;377;50;520;377;556;133;118;136;4;6851;6518;242;66;0;25;5890;936;25;5243;1583;25;6593;233;25;0;6826;25;51;6775;25;5345;1481;25;3026;2319;1506;492;4853;1506;3086;1312;1163;1265;25
4301651;Barão;1242;1222;10;0;0;10;1080;152;10;1053;179;10;1215;17;10;308;924;10;55;1177;10;989;243;10;804;185;253;207;782;253;461;192;81;498;10;429;402;10;0;0;17;293;119;17;315;97;17;395;17;17;49;363;17;17;395;17;259;153;17;174;85;170;84;175;170;189;63;40;120;17;3288;3232;27;0;0;29;2862;397;29;2773;486;29;3212;47;29;856;2403;29;151;3108;29;2624;635;29;2165;459;664;539;2085;664;1212;503;224;1320;29
4302006;Barros Cassal;1646;1637;9;0;0;0;660;986;0;1193;453;0;1571;75;0;96;1550;0;120;1526;0;616;1030;0;340;276;1030;176;440;1030;584;228;209;625;0;561;550;8;2;0;1;200;360;1;383;177;1;485;75;1;28;532;1;36;524;1;177;383;1;85;92;384;53;124;384;231;79;61;189;1;4085;4063;22;0;0;0;1606;2479;0;2920;1165;0;3890;195;0;249;3836;0;284;3801;0;1487;2598;0;810;677;2598;424;1063;2598;1490;537;520;1538;0
4302105;Bento Gonçalves;46373;44620;1412;236;0;105;45512;756;105;44710;1558;105;45872;396;105;11751;34517;105;172;46096;105;43898;2370;105;30272;13626;2475;8944;34954;2475;12560;5528;5229;22951;105;5828;5414;312;51;0;51;5463;314;51;5163;614;51;5549;228;51;922;4855;51;45;5732;51;4854;923;51;3284;1570;974;816;4038;974;1941;835;689;2312;51;115867;111151;3746;692;0;278;113526;2063;278;111444;4145;278;114535;1054;278;29540;86049;278;409;115180;278;109234;6355;278;76898;32336;6633;21969;87265;6633;31153;13973;13146;57317;278
4302253;Boa Vista do Sul;172;172;0;0;0;0;164;8;0;141;31;0;172;0;0;0;172;0;0;172;0;152;20;0;118;34;20;39;113;20;123;12;2;35;0;58;58;0;0;0;0;53;5;0;46;12;0;54;4;0;0;58;0;0;58;0;37;21;0;25;12;21;6;31;21;49;2;3;4;0;413;413;0;0;0;0;393;20;0;331;82;0;413;0;0;0;413;0;0;413;0;363;50;0;281;82;50;83;280;50;286;39;4;84;0
4302303;Bom Jesus;3282;3037;220;25;0;0;2043;1239;0;1543;1739;0;3216;66;0;64;3218;0;1;3281;0;2373;909;0;1941;432;909;219;2154;909;2356;675;162;89;0;1088;967;95;24;0;2;500;586;2;392;694;2;966;120;2;34;1052;2;2;1084;2;568;518;2;426;142;520;55;513;520;826;150;58;52;2;8684;7979;646;59;0;0;5245;3439;0;3939;4745;0;8506;178;0;171;8513;0;3;8681;0;6099;2585;0;5092;1007;2585;552;5547;2585;6190;1797;467;230;0
4302402;Bom Retiro do Sul;3910;3836;60;14;0;0;3208;702;0;3498;412;0;3860;50;0;280;3630;0;89;3821;0;3109;801;0;2907;202;801;1067;2042;801;1309;861;717;1023;0;1095;1065;17;13;0;0;724;371;0;883;212;0;997;98;0;51;1044;0;20;1075;0;701;394;0;614;87;394;269;432;394;537;208;132;218;0;9849;9663;154;32;0;0;8014;1835;0;8802;1047;0;9730;119;0;662;9187;0;235;9614;0;7756;2093;0;7259;497;2093;2656;5100;2093;3318;2191;1784;2556;0
4302451;Boqueirão do Leão;710;572;138;0;0;0;460;250;0;620;90;0;703;7;0;67;643;0;22;688;0;454;256;0;420;34;256;176;278;256;205;170;103;232;0;269;184;85;0;0;0;131;138;0;197;72;0;237;32;0;11;258;0;7;262;0;115;154;0;93;22;154;45;70;154;151;46;24;48;0;1662;1322;340;0;0;0;1051;611;0;1433;229;0;1639;23;0;146;1516;0;57;1605;0;1036;626;0;967;69;626;409;627;626;487;412;227;536;0
4302659;Brochier;958;873;3;0;0;82;707;169;82;701;175;82;873;3;82;143;733;82;0;876;82;721;155;82;572;149;237;331;390;237;291;106;79;400;82;303;268;4;0;0;31;186;86;31;186;86;31;234;38;31;20;252;31;0;272;31;153;119;31;123;30;150;59;94;150;131;34;22;85;31;2289;2079;7;0;0;203;1646;440;203;1639;447;203;2080;6;203;323;1763;203;0;2086;203;1696;390;203;1344;352;593;724;972;593;696;253;189;948;203
4303558;Camargo;708;708;0;0;0;0;588;120;0;588;120;0;701;7;0;18;690;0;0;708;0;574;134;0;447;127;134;82;492;134;208;189;108;203;0;290;290;0;0;0;0;231;59;0;217;73;0;277;13;0;9;281;0;0;290;0;218;72;0;167;51;72;39;179;72;127;49;39;75;0;1828;1828;0;0;0;0;1486;342;0;1500;328;0;1808;20;0;42;1786;0;0;1828;0;1458;370;0;1169;289;370;191;1267;370;516;504;282;526;0
4303608;Cambará do Sul;1766;1748;18;0;0;0;1302;464;0;1323;443;0;1746;20;0;187;1579;0;0;1766;0;1476;290;0;1052;424;290;457;1019;290;1137;435;77;117;0;546;533;13;0;0;0;354;192;0;365;181;0;516;30;0;42;504;0;0;546;0;402;144;0;242;160;144;132;270;144;373;105;22;46;0;4611;4562;49;0;0;0;3375;1236;0;3445;1166;0;4555;56;0;501;4110;0;0;4611;0;3837;774;0;2789;1048;774;1157;2680;774;2930;1138;205;338;0
4303673;Campestre da Serra;484;473;11;0;0;0;402;82;0;276;208;0;464;20;0;52;432;0;0;484;0;227;257;0;177;50;257;9;218;257;228;103;45;108;0;201;192;9;0;0;0;147;54;0;85;116;0;186;15;0;11;190;0;0;201;0;78;123;0;57;21;123;5;73;123;102;42;15;42;0;1157;1122;35;0;0;0;958;199;0;677;480;0;1109;48;0;115;1042;0;0;1157;0;525;632;0;414;111;632;23;502;632;534;263;97;263;0
4304614;Canudos do Vale;176;176;0;0;0;0;172;4;0;176;0;0;176;0;0;21;155;0;0;176;0;165;11;0;154;11;11;121;44;11;25;25;15;111;0;66;66;0;0;0;0;62;4;0;64;2;0;66;0;0;3;63;0;0;66;0;51;15;0;38;13;15;36;15;15;24;11;5;26;0;434;434;0;0;0;0;426;8;0;434;0;0;434;0;0;57;377;0;0;434;0;413;21;0;386;27;21;302;111;21;59;63;36;276;0
4304622;Capão Bonito do Sul;175;175;0;0;0;0;124;51;0;127;48;0;165;10;0;34;141;0;0;175;0;127;48;0;122;5;48;1;126;48;89;25;25;36;0;100;100;0;0;0;0;42;58;0;61;39;0;86;14;0;7;93;0;0;100;0;50;50;0;46;4;50;3;47;50;79;4;10;7;0;411;411;0;0;0;0;288;123;0;288;123;0;388;23;0;78;333;0;0;411;0;295;116;0;282;13;116;3;292;116;209;60;55;87;0
4304697;Capitão;463;462;0;0;0;1;389;73;1;387;75;1;446;16;1;60;402;1;5;457;1;334;128;1;264;70;129;195;139;129;250;28;50;134;1;222;215;0;0;0;7;135;80;7;136;79;7;162;53;7;14;201;7;4;211;7;107;108;7;66;41;115;55;52;115;168;6;10;31;7;1312;1311;0;0;0;1;1095;216;1;1090;221;1;1259;52;1;161;1150;1;13;1298;1;943;368;1;741;202;369;556;387;369;707;86;144;374;1
4304804;Carlos Barbosa;9331;9176;88;23;0;44;9068;219;44;8912;375;44;9213;74;44;1905;7382;44;263;9024;44;8901;386;44;5076;3825;430;1573;7328;430;1769;1706;2183;3629;44;1976;1868;29;11;0;68;1743;165;68;1670;238;68;1827;81;68;294;1614;68;58;1850;68;1640;268;68;992;648;336;235;1405;336;656;324;371;557;68;24091;23720;202;47;0;122;23373;596;122;22950;1019;122;23775;194;122;4974;18995;122;629;23340;122;22933;1036;122;13290;9643;1158;3791;19142;1158;4649;4420;5616;9284;122
4304903;Casca;2559;2516;33;10;0;0;2507;52;0;2504;55;0;2542;17;0;111;2448;0;0;2559;0;2480;79;0;1603;877;79;1277;1203;79;414;456;444;1245;0;906;887;13;6;0;0;863;43;0;836;70;0;880;26;0;25;881;0;0;906;0;765;141;0;448;317;141;373;392;141;255;141;113;397;0;6433;6319;90;24;0;0;6294;139;0;6287;146;0;6388;45;0;258;6175;0;0;6433;0;6219;214;0;4091;2128;214;3153;3066;214;1043;1153;1081;3156;0
4304952;Caseiros;575;573;2;0;0;0;480;95;0;493;82;0;565;10;0;7;568;0;0;575;0;472;103;0;429;43;103;59;413;103;242;137;105;91;0;220;217;3;0;0;0;153;67;0;153;67;0;205;15;0;15;205;0;0;220;0;152;68;0;134;18;68;23;129;68;139;39;23;19;0;1582;1577;5;0;0;0;1308;274;0;1353;229;0;1558;24;0;17;1565;0;0;1582;0;1289;293;0;1181;108;293;151;1138;293;692;352;279;259;0
4305108;Caxias do Sul;176552;165837;6587;955;0;3173;164341;9038;3173;148751;24628;3173;170698;2681;3173;41647;131732;3173;956;172423;3173;157810;15569;3173;98564;59246;18742;36735;121075;18742;40766;32079;26465;74069;3173;24421;21918;1334;400;0;769;21053;2599;769;18270;5382;769;22262;1390;769;4363;19289;769;132;23520;769;18842;4810;769;11219;7623;5579;3350;15492;5579;8675;4440;3001;7536;769;440222;411237;17988;2568;0;8429;406798;24995;8429;368818;62975;8429;424478;7315;8429;102318;329475;8429;2290;429503;8429;389664;42129;8429;251635;138029;50558;83578;306086;50558;104105;82177;66005;179506;8429
4305504;Ciríaco;1073;1062;11;0;0;0;950;123;0;947;126;0;1059;14;0;5;1068;0;0;1073;0;813;260;0;744;69;260;118;695;260;528;234;133;178;0;388;378;6;2;0;2;290;96;2;266;120;2;345;41;2;6;380;2;0;386;2;186;200;2;160;26;202;37;149;202;206;62;41;77;2;2545;2519;26;0;0;0;2254;291;0;2265;280;0;2512;33;0;10;2535;0;0;2545;0;1910;635;0;1755;155;635;289;1621;635;1258;573;297;417;0
4305587;Colinas;193;191;0;2;0;0;191;2;0;162;31;0;191;2;0;83;110;0;0;193;0;179;14;0;147;32;14;35;144;14;29;18;7;139;0;58;52;0;6;0;0;40;18;0;33;25;0;42;16;0;10;48;0;0;58;0;31;27;0;24;7;27;3;28;27;27;6;3;22;0;446;439;0;7;0;0;439;7;0;372;74;0;439;7;0;197;249;0;0;446;0;412;34;0;339;73;34;72;340;34;72;46;15;313;0
4305835;Coqueiro Baixo;90;90;0;0;0;0;90;0;0;89;1;0;90;0;0;5;85;0;0;90;0;62;28;0;59;3;28;1;61;28;10;5;22;53;0;52;49;0;0;0;3;47;2;3;44;5;3;47;2;3;3;46;3;0;49;3;29;20;3;17;12;23;2;27;23;20;6;4;19;3;218;218;0;0;0;0;218;0;0;215;3;0;218;0;0;14;204;0;0;218;0;150;68;0;140;10;68;2;148;68;25;12;59;122;0
4305934;Coronel Pilar;81;81;0;0;0;0;79;2;0;78;3;0;81;0;0;6;75;0;0;81;0;79;2;0;78;1;2;37;42;2;41;10;12;18;0;47;45;2;0;0;0;38;9;0;37;10;0;44;3;0;3;44;0;0;47;0;38;9;0;37;1;9;15;23;9;24;3;3;17;0;197;197;0;0;0;0;194;3;0;192;5;0;197;0;0;16;181;0;0;197;0;194;3;0;190;4;3;91;103;3;93;29;29;46;0
4305959;Cotiporã;830;830;0;0;0;0;794;36;0;786;44;0;817;13;0;126;704;0;43;787;0;758;72;0;591;167;72;283;475;72;248;131;113;338;0;363;362;1;0;0;0;319;44;0;317;46;0;342;21;0;33;330;0;14;349;0;278;85;0;184;94;85;115;163;85;154;70;34;105;0;2100;2100;0;0;0;0;2007;93;0;1991;109;0;2058;42;0;327;1773;0;101;1999;0;1921;179;0;1519;402;179;718;1203;179;652;336;279;833;0
4306205;Cruzeiro do Sul;2581;2240;341;0;0;0;1857;724;0;1870;711;0;2566;15;0;584;1997;0;0;2581;0;1442;1139;0;1292;150;1139;372;1070;1139;704;355;259;1263;0;780;679;100;0;0;1;410;369;1;431;348;1;729;50;1;91;688;1;0;779;1;293;486;1;230;63;487;80;213;487;333;102;67;277;1;6492;5645;847;0;0;0;4634;1858;0;4660;1832;0;6457;35;0;1488;5004;0;0;6492;0;3611;2881;0;3254;357;2881;933;2678;2881;1801;878;625;3188;0
4306304;David Canabarro;978;976;2;0;0;0;924;54;0;908;70;0;962;16;0;0;978;0;0;978;0;635;343;0;450;185;343;182;453;343;443;193;147;195;0;416;415;1;0;0;0;341;75;0;348;68;0;349;67;0;0;416;0;0;416;0;172;244;0;123;49;244;52;120;244;223;71;54;68;0;2413;2409;4;0;0;0;2290;123;0;2242;171;0;2377;36;0;0;2413;0;0;2413;0;1564;849;0;1138;426;849;434;1130;849;1085;475;365;488;0
4306452;Dois Lajeados;668;667;0;0;0;1;615;52;1;665;2;1;625;42;1;21;646;1;0;667;1;540;127;1;323;217;128;152;388;128;338;46;46;237;1;153;152;0;0;0;1;119;33;1;147;5;1;139;13;1;4;148;1;0;152;1;89;63;1;44;45;64;30;59;64;93;20;8;31;1;1646;1645;0;0;0;1;1515;130;1;1640;5;1;1535;110;1;49;1596;1;0;1645;1;1338;307;1;809;529;308;360;978;308;796;118;119;612;1
4306759;Doutor Ricardo;374;373;0;1;0;0;316;58;0;317;57;0;358;16;0;65;309;0;0;374;0;238;136;0;108;130;136;4;234;136;174;20;42;138;0;245;238;0;5;0;2;147;96;2;142;101;2;183;60;2;13;230;2;0;243;2;79;164;2;42;37;166;2;77;166;135;17;26;65;2;990;988;0;2;0;0;832;158;0;833;157;0;946;44;0;168;822;0;0;990;0;627;363;0;290;337;363;8;619;363;462;50;128;350;0
4306809;Encantado;8000;7870;115;11;0;4;7781;215;4;6964;1032;4;7957;39;4;783;7213;4;352;7644;4;6660;1336;4;3573;3087;1340;1013;5647;1340;1641;1094;1631;3630;4;2063;2013;31;13;0;6;1912;145;6;1732;325;6;1980;77;6;166;1891;6;59;1998;6;1355;702;6;728;627;708;178;1177;708;707;261;370;719;6;20090;19765;293;22;0;10;19533;547;10;17409;2671;10;19980;100;10;1955;18125;10;850;19230;10;16666;3414;10;9504;7162;3424;2165;14501;3424;4084;2674;4148;9174;10
4307807;Estrela;10429;10216;209;4;0;0;9440;989;0;7594;2835;0;10313;116;0;1002;9427;0;4;10425;0;9089;1340;0;5674;3415;1340;3114;5975;1340;2782;1775;1496;4376;0;2541;2445;89;7;0;0;2099;442;0;1680;861;0;2443;98;0;165;2376;0;2;2539;0;1943;598;0;1122;821;598;607;1336;598;954;456;321;810;0;26756;26149;599;8;0;0;24050;2706;0;19586;7170;0;26459;297;0;2448;24308;0;9;26747;0;23208;3548;0;14938;8270;3548;7681;15527;3548;7140;4709;3743;11164;0
4307864;Fagundes Varela;528;528;0;0;0;0;517;11;0;476;52;0;525;3;0;20;508;0;8;520;0;489;39;0;236;253;39;250;239;39;136;85;67;240;0;196;196;0;0;0;0;179;17;0;174;22;0;189;7;0;11;185;0;3;193;0;133;63;0;64;69;63;53;80;63;83;32;18;63;0;1419;1419;0;0;0;0;1393;26;0;1284;135;0;1409;10;0;54;1365;0;24;1395;0;1306;113;0;642;664;113;637;669;113;371;220;183;645;0
4307906;Farroupilha;22591;21953;464;78;0;96;20341;2154;96;19699;2796;96;21830;665;96;3681;18814;96;266;22229;96;16746;5749;96;8343;8403;5845;3090;13656;5845;3298;4042;3835;11320;96;6185;5894;155;52;0;84;5082;1019;84;4881;1220;84;5724;377;84;615;5486;84;72;6029;84;3330;2771;84;1481;1849;2855;548;2782;2855;1647;1110;953;2391;84;58278;56539;1291;198;0;250;52026;6002;250;50473;7555;250;56170;1858;250;9426;48602;250;641;57387;250;42427;15601;250;21956;20471;15851;7637;34790;15851;8706;10410;10036;28876;250
4308078;Fazenda Vilanova;933;917;16;0;0;0;558;375;0;687;246;0;884;49;0;128;805;0;0;933;0;365;568;0;346;19;568;155;210;568;653;83;65;132;0;318;308;7;0;0;3;140;175;3;201;114;3;267;48;3;20;295;3;0;315;3;81;234;3;69;12;237;29;52;237;262;18;16;19;3;2459;2418;41;0;0;0;1450;1009;0;1787;672;0;2314;145;0;322;2137;0;0;2459;0;963;1496;0;906;57;1496;397;566;1496;1712;207;185;355;0
4308201;Flores da Cunha;9460;8167;181;0;0;1112;8136;212;1112;6776;1572;1112;8173;175;1112;723;7625;1112;194;8154;1112;7423;925;1112;3547;3876;2037;1579;5844;2037;2332;1631;1230;3155;1112;2724;2342;170;6;0;206;2252;266;206;1859;659;206;2349;169;206;237;2281;206;35;2483;206;1838;680;206;810;1028;886;345;1493;886;1066;406;284;762;206;24339;20959;487;0;0;2893;20892;554;2893;17339;4107;2893;20962;484;2893;1896;19550;2893;531;20915;2893;18967;2479;2893;9348;9619;5372;3743;15224;5372;6094;4260;3103;7989;2893
4308300;Fontoura Xavier;1926;1529;377;10;0;10;995;921;10;969;947;10;1788;128;10;148;1768;10;0;1916;10;703;1213;10;634;69;1223;312;391;1223;1175;159;171;411;10;621;467;120;5;0;29;222;370;29;229;363;29;502;90;29;21;571;29;0;592;29;150;442;29;126;24;471;78;72;471;365;52;44;131;29;4918;3881;985;26;0;26;2486;2406;26;2392;2500;26;4571;321;26;352;4540;26;0;4892;26;1735;3157;26;1552;183;3183;762;973;3183;2976;421;453;1042;26
4308433;Forquetinha;68;68;0;0;0;0;49;19;0;0;68;0;68;0;0;47;21;0;0;68;0;44;24;0;44;0;24;0;44;24;5;37;0;26;0;11;11;0;0;0;0;6;5;0;0;11;0;8;3;0;4;7;0;0;11;0;2;9;0;2;0;9;0;2;9;3;3;0;5;0;186;186;0;0;0;0;131;55;0;0;186;0;186;0;0;125;61;0;0;186;0;122;64;0;122;0;64;0;122;64;17;100;0;69;0
4308607;Garibaldi;11892;11814;55;2;0;21;11595;276;21;10746;1125;21;11833;38;21;1797;10074;21;372;11499;21;10927;944;21;5817;5110;965;2996;7931;965;3939;2254;1361;4317;21;2268;2194;22;4;0;48;2078;142;48;1866;354;48;2141;79;48;273;1947;48;66;2154;48;1605;615;48;840;765;663;380;1225;663;963;357;216;684;48;30191;29957;161;6;0;67;29320;804;67;27188;2936;67;30015;109;67;4542;25582;67;911;29213;67;27539;2585;67;15122;12417;2652;7503;20036;2652;10014;5714;3510;10886;67
4308805;General Câmara;1774;1718;52;4;0;0;1437;337;0;1372;402;0;1768;6;0;81;1693;0;6;1768;0;1393;381;0;619;774;381;99;1294;381;433;477;272;592;0;512;485;22;4;0;1;364;147;1;372;139;1;508;3;1;19;492;1;1;510;1;377;134;1;172;205;135;42;335;135;153;138;91;129;1;4309;4155;145;9;0;0;3504;805;0;3308;1001;0;4289;20;0;221;4088;0;11;4298;0;3335;974;0;1488;1847;974;243;3092;974;1065;1178;638;1428;0
4308854;Gentil;351;341;10;0;0;0;268;83;0;255;96;0;343;8;0;59;292;0;0;351;0;200;151;0;98;102;151;28;172;151;124;62;75;90;0;219;197;22;0;0;0;112;107;0;117;102;0;174;45;0;14;205;0;0;219;0;71;148;0;25;46;148;7;64;148;133;24;19;43;0;959;923;36;0;0;0;722;237;0;687;272;0;932;27;0;199;760;0;0;959;0;536;423;0;260;276;423;90;446;423;351;156;217;235;0
4309258;Guabiju;305;305;0;0;0;0;265;40;0;289;16;0;305;0;0;28;277;0;0;305;0;271;34;0;127;144;34;48;223;34;141;10;16;138;0;132;132;0;0;0;0;104;28;0;122;10;0;130;2;0;11;121;0;0;132;0;98;34;0;36;62;34;26;72;34;77;7;10;38;0;744;744;0;0;0;0;642;102;0;700;44;0;744;0;0;60;684;0;0;744;0;651;93;0;311;340;93;115;536;93;362;24;39;319;0
4309407;Guaporé;8855;8834;12;9;0;0;8327;528;0;8165;690;0;8834;21;0;502;8353;0;0;8855;0;7691;1164;0;2705;4986;1164;2956;4735;1164;1946;1223;908;4778;0;1940;1925;3;8;0;4;1646;290;4;1633;303;4;1870;66;4;71;1865;4;0;1936;4;1360;576;4;506;854;580;466;894;580;709;222;177;828;4;22892;22839;30;23;0;0;21426;1466;0;21014;1878;0;22832;60;0;1313;21579;0;0;22892;0;19610;3282;0;7279;12331;3282;7239;12371;3282;5343;3172;2476;11901;0
4309902;Ibiraiaras;1488;1448;35;0;0;5;1242;241;5;1240;243;5;1442;41;5;49;1434;5;0;1483;5;1181;302;5;968;213;307;57;1124;307;567;295;254;367;5;433;417;14;0;0;2;325;106;2;340;91;2;403;28;2;14;417;2;0;431;2;309;122;2;247;62;124;9;300;124;216;71;55;89;2;3768;3675;80;0;0;13;3135;620;13;3117;638;13;3632;123;13;117;3638;13;0;3755;13;2969;786;13;2468;501;799;125;2844;799;1470;739;631;915;13
4309951;Ibirapuitã;1004;896;101;7;0;0;505;499;0;853;151;0;972;32;0;136;868;0;22;982;0;483;521;0;384;99;521;138;345;521;585;117;93;209;0;330;285;43;2;0;0;156;174;0;254;76;0;294;36;0;41;289;0;7;323;0;143;187;0;101;42;187;47;96;187;226;35;21;48;0;2543;2242;285;16;0;0;1234;1309;0;2132;411;0;2448;95;0;335;2208;0;57;2486;0;1179;1364;0;957;222;1364;337;842;1364;1520;286;231;506;0
4310306;Ilópolis;886;884;2;0;0;0;838;48;0;802;84;0;864;22;0;0;886;0;0;886;0;710;176;0;339;371;176;81;629;176;286;151;147;302;0;316;309;5;2;0;0;263;53;0;248;68;0;277;39;0;0;316;0;0;316;0;206;110;0;110;96;110;21;185;110;168;40;26;82;0;2282;2280;2;0;0;0;2164;118;0;2081;201;0;2231;51;0;0;2282;0;0;2282;0;1814;468;0;872;942;468;214;1600;468;746;388;359;789;0
4310363;Imigrante;638;634;0;4;0;0;590;48;0;584;54;0;625;13;0;81;557;0;0;638;0;598;40;0;476;122;40;116;482;40;252;51;95;240;0;209;205;0;4;0;0;180;29;0;175;34;0;196;13;0;15;194;0;0;209;0;160;49;0;108;52;49;33;127;49;114;15;19;61;0;1610;1598;0;12;0;0;1505;105;0;1465;145;0;1584;26;0;214;1396;0;0;1610;0;1522;88;0;1253;269;88;269;1253;88;641;142;230;597;0
4310439;Ipê;1305;963;27;0;0;315;946;44;315;926;64;315;987;3;315;15;975;315;5;985;315;841;149;315;693;148;464;54;787;464;544;268;55;123;315;437;374;30;2;0;31;350;56;31;327;79;31;399;7;31;5;401;31;2;404;31;283;123;31;203;80;154;15;268;154;246;96;23;41;31;3204;2378;63;0;0;763;2332;109;763;2278;163;763;2429;12;763;40;2401;763;15;2426;763;2046;395;763;1708;338;1158;123;1923;1158;1347;649;129;316;763
4310579;Itapuca;222;222;0;0;0;0;173;49;0;193;29;0;221;1;0;0;222;0;0;222;0;173;49;0;101;72;49;66;107;49;174;18;9;21;0;157;153;2;2;0;0;105;52;0;114;43;0;145;12;0;0;157;0;0;157;0;104;53;0;48;56;53;40;64;53;127;11;3;16;0;545;545;0;0;0;0;415;130;0;474;71;0;544;1;0;0;545;0;0;545;0;415;130;0;237;178;130;153;262;130;428;44;18;55;0
4311122;Jaquirana;865;839;20;6;0;0;675;190;0;438;427;0;824;41;0;5;860;0;0;865;0;675;190;0;296;379;190;403;272;190;603;146;86;30;0;212;195;9;8;0;0;136;76;0;95;117;0;182;30;0;6;206;0;0;212;0;135;77;0;63;72;77;63;72;77;160;25;22;5;0;2379;2300;58;21;0;0;1874;505;0;1190;1189;0;2264;115;0;14;2365;0;0;2379;0;1879;500;0;823;1056;500;1134;745;500;1695;380;225;79;0
4311304;Lagoa Vermelha;9565;9255;306;4;0;0;8697;868;0;8004;1561;0;9467;98;0;688;8877;0;29;9536;0;8276;1289;0;5615;2661;1289;1740;6536;1289;4162;2180;1042;2181;0;2469;2370;92;3;0;4;2026;439;4;1835;630;4;2291;174;4;193;2272;4;13;2452;4;1862;603;4;1221;641;607;350;1512;607;1468;450;202;345;4;24286;23486;792;8;0;0;21892;2394;0;20260;4026;0;24024;262;0;1731;22555;0;65;24221;0;20791;3495;0;14433;6358;3495;4018;16773;3495;10991;5506;2602;5187;0
4311403;Lajeado;37824;37220;562;42;0;0;31256;6568;0;32040;5784;0;37519;305;0;3921;33903;0;849;36975;0;29965;7859;0;21182;8783;7859;9934;20031;7859;9126;6801;5538;16359;0;8764;8536;188;32;0;8;6406;2350;8;6742;2014;8;7969;787;8;757;7999;8;201;8555;8;5189;3567;8;3335;1854;3575;1396;3793;3575;3584;1459;1057;2656;8;92655;91014;1545;96;0;0;74596;18059;0;77682;14973;0;91800;855;0;9743;82912;0;2181;90474;0;71201;21454;0;51394;19807;21454;21919;49282;21454;22736;16642;13541;39736;0
4311809;Marau;15559;15388;156;0;0;15;15259;285;15;13800;1744;15;15427;117;15;1842;13702;15;136;15408;15;14626;918;15;8318;6308;933;3956;10670;933;4225;3472;2689;5158;15;3275;3217;48;3;0;7;3085;183;7;2661;607;7;3187;81;7;369;2899;7;41;3227;7;2731;537;7;1551;1180;544;565;2166;544;1194;700;470;904;7;40351;39886;422;0;0;43;39566;742;43;35587;4721;43;39968;340;43;4633;35675;43;347;39961;43;37773;2535;43;21849;15924;2578;9554;28219;2578;10785;9119;6952;13452;43
4312054;Marques de Souza;629;606;23;0;0;0;473;156;0;527;102;0;625;4;0;107;522;0;0;629;0;432;197;0;286;146;197;206;226;197;182;116;69;262;0;277;273;2;2;0;0;138;139;0;182;95;0;236;41;0;22;255;0;0;277;0;129;148;0;74;55;148;54;75;148;128;39;21;89;0;1478;1420;58;0;0;0;1117;361;0;1245;233;0;1470;8;0;272;1206;0;0;1478;0;1016;462;0;666;350;462;462;554;462;435;256;176;611;0
4312138;Mato Castelhano;272;272;0;0;0;0;214;58;0;208;64;0;259;13;0;45;227;0;0;272;0;212;60;0;114;98;60;71;141;60;175;37;17;43;0;156;149;0;3;0;4;68;84;4;104;48;4;130;22;4;13;139;4;0;152;4;92;60;4;54;38;64;30;62;64;105;12;6;29;4;720;720;0;0;0;0;570;150;0;527;193;0;682;38;0;127;593;0;0;720;0;538;182;0;272;266;182;177;361;182;458;111;44;107;0
4312153;Mato Leitão;714;714;0;0;0;0;456;258;0;528;186;0;701;13;0;73;641;0;18;696;0;429;285;0;136;293;285;344;85;285;220;85;69;340;0;298;297;1;0;0;0;170;128;0;204;94;0;261;37;0;16;282;0;8;290;0;133;165;0;27;106;165;110;23;165;123;40;27;108;0;1793;1793;0;0;0;0;1125;668;0;1310;483;0;1765;28;0;188;1605;0;47;1746;0;1066;727;0;363;703;727;855;211;727;575;226;175;817;0
4312351;Montauri;303;303;0;0;0;0;297;6;0;297;6;0;303;0;0;18;285;0;0;303;0;280;23;0;132;148;23;90;190;23;63;28;30;182;0;158;156;1;1;0;0;138;20;0;138;20;0;150;8;0;6;152;0;0;158;0;117;41;0;59;58;41;37;80;41;64;10;16;68;0;788;788;0;0;0;0;774;14;0;774;14;0;788;0;0;47;741;0;0;788;0;735;53;0;347;388;53;218;517;53;165;67;78;478;0
4312377;Monte Alegre dos Campos;273;250;23;0;0;0;53;220;0;115;158;0;221;52;0;13;260;0;0;273;0;58;215;0;39;19;215;29;29;215;155;79;39;0;0;195;169;22;4;0;0;46;149;0;54;141;0;133;62;0;9;186;0;1;194;0;37;158;0;19;18;158;22;15;158;131;42;16;6;0;724;668;56;0;0;0;136;588;0;315;409;0;596;128;0;41;683;0;0;724;0;164;560;0;110;54;560;80;84;560;388;220;116;0;0
4312385;Monte Belo do Sul;317;317;0;0;0;0;296;21;0;289;28;0;299;18;0;41;276;0;4;313;0;279;38;0;244;35;38;22;257;38;131;55;41;90;0;193;189;4;0;0;0;173;20;0;165;28;0;171;22;0;7;186;0;4;189;0;162;31;0;136;26;31;21;141;31;100;39;22;32;0;802;802;0;0;0;0;745;57;0;729;73;0;755;47;0;97;705;0;10;792;0;700;102;0;614;86;102;56;644;102;321;146;110;225;0
4312401;Montenegro;20141;18261;1725;83;0;72;17796;2273;72;16707;3362;72;19726;343;72;2312;17757;72;142;19927;72;17125;2944;72;12171;4954;3016;2124;15001;3016;6625;4853;3656;4935;72;3595;3257;220;42;0;76;3061;458;76;2784;735;76;3295;224;76;338;3181;76;36;3483;76;2692;827;76;1733;959;903;298;2394;903;1614;809;467;629;76;51326;46099;4809;222;0;196;44734;6396;196;41984;9146;196;50228;902;196;5832;45298;196;369;50761;196;42997;8133;196;31105;11892;8329;4710;38287;8329;17241;12335;9172;12382;196
4312609;Muçum;1521;1405;110;6;0;0;1498;23;0;1448;73;0;1506;15;0;220;1301;0;0;1521;0;1304;217;0;586;718;217;180;1124;217;274;301;401;545;0;400;385;14;1;0;0;384;16;0;366;34;0;394;6;0;35;365;0;0;400;0;312;88;0;132;180;88;41;271;88;132;80;78;110;0;3907;3572;318;17;0;0;3837;70;0;3725;182;0;3859;48;0;550;3357;0;0;3907;0;3357;550;0;1598;1759;550;419;2938;550;700;791;1041;1375;0
4312617;Muitos Capões;342;342;0;0;0;0;226;116;0;186;156;0;339;3;0;39;303;0;0;342;0;201;141;0;23;178;141;23;178;141;179;14;37;112;0;110;110;0;0;0;0;59;51;0;49;61;0;107;3;0;7;103;0;0;110;0;49;61;0;5;44;61;6;43;61;63;6;9;32;0;846;846;0;0;0;0;559;287;0;448;398;0;842;4;0;96;750;0;0;846;0;490;356;0;62;428;356;57;433;356;444;32;102;268;0
4312625;Muliterno;259;259;0;0;0;0;234;25;0;252;7;0;256;3;0;0;259;0;0;259;0;180;79;0;104;76;79;10;170;79;154;23;40;42;0;121;121;0;0;0;0;100;21;0;114;7;0;112;9;0;1;120;0;0;121;0;66;55;0;39;27;55;8;58;55;77;10;12;22;0;663;663;0;0;0;0;609;54;0;651;12;0;657;6;0;0;663;0;0;663;0;477;186;0;261;216;186;34;443;186;404;59;94;106;0
4312757;Nova Alvorada;612;612;0;0;0;0;590;22;0;587;25;0;607;5;0;5;607;0;0;612;0;588;24;0;302;286;24;224;364;24;203;123;141;145;0;274;269;3;2;0;0;232;42;0;232;42;0;257;17;0;2;272;0;0;274;0;219;55;0;122;97;55;70;149;55;149;44;35;46;0;1606;1606;0;0;0;0;1544;62;0;1534;72;0;1592;14;0;12;1594;0;0;1606;0;1537;69;0;778;759;69;594;943;69;526;335;369;376;0
4312807;Nova Araçá;1483;1465;12;0;0;6;1436;41;6;1400;77;6;1475;2;6;398;1079;6;0;1477;6;1007;470;6;738;269;476;19;988;476;659;250;99;469;6;607;602;3;0;0;2;553;52;2;543;62;2;567;38;2;72;533;2;0;605;2;251;354;2;185;66;356;8;243;356;340;70;36;159;2;4029;3989;21;0;0;19;3877;133;19;3771;239;19;4006;4;19;1068;2942;19;0;4010;19;2616;1394;19;1933;683;1413;64;2552;1413;1880;708;257;1165;19
4312906;Nova Bassano;2384;2373;2;0;0;9;2278;97;9;2096;279;9;2282;93;9;156;2219;9;0;2375;9;1760;615;9;1121;639;624;92;1668;624;989;287;316;783;9;837;825;3;2;0;7;727;103;7;646;184;7;721;109;7;46;784;7;0;830;7;344;486;7;205;139;493;11;333;493;497;86;58;189;7;6666;6636;4;0;0;26;6363;277;26;5836;804;26;6346;294;26;461;6179;26;0;6640;26;4844;1796;26;3081;1763;1822;227;4617;1822;2771;784;866;2219;26
4313003;Nova Bréscia;506;506;0;0;0;0;498;8;0;498;8;0;506;0;0;88;418;0;0;506;0;373;133;0;168;205;133;39;334;133;183;41;75;207;0;156;156;0;0;0;0;145;11;0;145;11;0;149;7;0;16;140;0;0;156;0;82;74;0;36;46;74;4;78;74;60;13;23;60;0;1181;1181;0;0;0;0;1158;23;0;1158;23;0;1181;0;0;197;984;0;0;1181;0;864;317;0;397;467;317;97;767;317;405;101;183;492;0
4313086;Nova Pádua;287;284;3;0;0;0;280;7;0;236;51;0;287;0;0;0;287;0;3;284;0;276;11;0;93;183;11;67;209;11;95;62;43;87;0;151;139;8;0;0;4;133;14;4;102;45;4;140;7;4;1;146;4;1;146;4;114;33;4;29;85;37;32;82;37;82;23;16;26;4;748;743;5;0;0;0;731;17;0;618;130;0;748;0;0;0;748;0;10;738;0;723;25;0;242;481;25;164;559;25;252;161;107;228;0
4313300;Nova Prata;8418;8299;82;24;0;13;8234;171;13;7961;444;13;8312;93;13;1258;7147;13;144;8261;13;7631;774;13;1897;5734;787;1237;6394;787;992;920;1391;5102;13;1995;1903;64;9;0;19;1862;114;19;1810;166;19;1900;76;19;182;1794;19;26;1950;19;1292;684;19;315;977;703;164;1128;703;571;252;319;834;19;21478;21130;232;78;0;38;20989;451;38;20237;1203;38;21201;239;38;3239;18201;38;355;21085;38;19343;2097;38;5068;14275;2135;2837;16506;2135;2601;2379;3688;12772;38
4313359;Nova Roma do Sul;667;667;0;0;0;0;641;26;0;635;32;0;664;3;0;45;622;0;0;667;0;626;41;0;328;298;41;371;255;41;371;107;30;159;0;269;269;0;0;0;0;229;40;0;231;38;0;256;13;0;10;259;0;0;269;0;176;93;0;69;107;93;95;81;93;195;24;15;35;0;1691;1691;0;0;0;0;1620;71;0;1604;87;0;1682;9;0;93;1598;0;0;1691;0;1585;106;0;830;755;106;911;674;106;974;269;74;374;0
4314001;Paraí;1683;1668;15;0;0;0;1635;48;0;1604;79;0;1675;8;0;180;1503;0;130;1553;0;1397;286;0;589;808;286;302;1095;286;306;330;370;677;0;735;731;4;0;0;0;668;67;0;658;77;0;704;31;0;52;683;0;44;691;0;380;355;0;161;219;355;77;303;355;259;110;125;241;0;4453;4416;37;0;0;0;4333;120;0;4257;196;0;4433;20;0;497;3956;0;350;4103;0;3697;756;0;1661;2036;756;747;2950;756;816;905;992;1740;0
4314076;Passo do Sobrado;683;631;52;0;0;0;485;198;0;466;217;0;672;11;0;46;637;0;0;683;0;392;291;0;290;102;291;125;267;291;88;99;147;349;0;235;187;48;0;0;0;121;114;0;147;88;0;208;27;0;10;225;0;0;235;0;81;154;0;54;27;154;36;45;154;73;38;40;84;0;1626;1483;143;0;0;0;1149;477;0;1119;507;0;1599;27;0;114;1512;0;0;1626;0;932;694;0;693;239;694;302;630;694;239;234;338;815;0
4314100;Passo Fundo;80019;78101;1525;118;0;275;77615;2129;275;70622;9122;275;78232;1512;275;17420;62324;275;2064;77680;275;73872;5872;275;49205;24667;6147;17685;56187;6147;25459;18191;12493;23601;275;11421;10890;319;48;0;164;10577;680;164;9292;1965;164;10715;542;164;2029;9228;164;244;11013;164;9262;1995;164;6407;2855;2159;1602;7660;2159;4345;2479;1532;2901;164;200001;194326;4436;367;0;872;192667;6462;872;175450;23679;872;194475;4654;872;43815;155314;872;4367;194762;872;182062;17067;872;128731;53331;17939;37139;144923;17939;62648;45604;31094;59783;872
4314159;Paverama;1785;1722;63;0;0;0;1062;723;0;1281;504;0;1757;28;0;215;1570;0;36;1749;0;1414;371;0;1311;103;371;376;1038;371;952;270;192;371;0;541;512;29;0;0;0;265;276;0;337;204;0;506;35;0;42;499;0;8;533;0;327;214;0;285;42;214;89;238;214;357;72;43;69;0;4492;4339;153;0;0;0;2580;1912;0;3157;1335;0;4415;77;0;557;3935;0;79;4413;0;3549;943;0;3309;240;943;905;2644;943;2390;705;500;897;0
4314548;Pinto Bandeira;328;328;0;0;0;0;210;118;0;269;59;0;320;8;0;42;286;0;0;328;0;150;178;0;108;42;178;12;138;178;196;57;13;62;0;120;120;0;0;0;0;75;45;0;90;30;0;114;6;0;6;114;0;0;120;0;38;82;0;23;15;82;7;31;82;90;14;4;12;0;827;827;0;0;0;0;524;303;0;669;158;0;806;21;0;116;711;0;0;827;0;373;454;0;275;98;454;26;347;454;483;150;31;163;0
4314753;Poço das Antas;408;408;0;0;0;0;371;37;0;382;26;0;408;0;0;89;319;0;0;408;0;362;46;0;148;214;46;49;313;46;357;14;18;19;0;229;219;2;8;0;0;145;84;0;165;64;0;201;28;0;8;221;0;0;229;0;134;95;0;50;84;95;24;110;95;201;11;5;12;0;1066;1066;0;0;0;0;965;101;0;988;78;0;1066;0;0;227;839;0;0;1066;0;944;122;0;375;569;122;127;817;122;933;39;45;49;0
4315131;Pouso Novo;298;283;15;0;0;0;197;101;0;181;117;0;293;5;0;45;253;0;0;298;0;181;117;0;160;21;117;71;110;117;57;52;30;159;0;147;138;9;0;0;0;92;55;0;77;70;0;127;20;0;16;131;0;0;147;0;67;80;0;50;17;80;24;43;80;37;22;12;76;0;745;714;31;0;0;0;490;255;0;457;288;0;730;15;0;112;633;0;0;745;0;452;293;0;402;50;293;172;280;293;146;141;83;375;0
4315156;Progresso;723;689;34;0;0;0;513;210;0;528;195;0;720;3;0;31;692;0;0;723;0;487;236;0;476;11;236;79;408;236;324;97;70;232;0;231;219;11;0;0;1;121;109;1;128;102;1;221;9;1;7;223;1;0;230;1;102;128;1;93;9;129;16;86;129;115;33;26;56;1;1748;1654;94;0;0;0;1201;547;0;1241;507;0;1741;7;0;71;1677;0;0;1748;0;1140;608;0;1116;24;608;166;974;608;827;232;163;526;0
4315172;Protásio Alves;210;210;0;0;0;0;208;2;0;202;8;0;208;2;0;13;197;0;0;210;0;186;24;0;86;100;24;116;70;24;39;19;26;126;0;150;150;0;0;0;0;142;8;0;137;13;0;148;2;0;3;147;0;1;149;0;85;65;0;30;55;65;53;32;65;42;19;14;75;0;538;538;0;0;0;0;534;4;0;515;23;0;534;4;0;35;503;0;0;538;0;479;59;0;230;249;59;304;175;59;97;57;61;323;0
4315206;Putinga;666;657;9;0;0;0;563;103;0;585;81;0;666;0;0;0;666;0;0;666;0;483;183;0;406;77;183;41;442;183;419;101;61;85;0;231;223;6;2;0;0;168;63;0;195;36;0;226;5;0;0;231;0;0;231;0;129;102;0;105;24;102;11;118;102;165;21;26;19;0;1705;1684;21;0;0;0;1467;238;0;1506;199;0;1705;0;0;0;1705;0;0;1705;0;1215;490;0;1036;179;490;118;1097;490;1092;239;163;211;0
4315453;Relvado;307;307;0;0;0;0;297;10;0;294;13;0;305;2;0;24;283;0;24;283;0;255;52;0;92;163;52;40;215;52;104;65;36;102;0;135;135;0;0;0;0;113;22;0;112;23;0;124;11;0;3;132;0;2;133;0;90;45;0;32;58;45;23;67;45;60;29;16;30;0;737;737;0;0;0;0;718;19;0;707;30;0;733;4;0;68;669;0;71;666;0;608;129;0;221;387;129;97;511;129;232;171;86;248;0
4315800;Roca Sales;2882;2861;20;1;0;0;2436;446;0;2529;353;0;2875;7;0;336;2546;0;20;2862;0;2038;844;0;1231;807;844;371;1667;844;755;453;309;1365;0;747;729;14;2;0;2;557;188;2;594;151;2;705;40;2;55;690;2;11;734;2;409;336;2;236;173;338;42;367;338;319;111;90;225;2;7412;7358;53;1;0;0;6231;1181;0;6456;956;0;7397;15;0;862;6550;0;55;7357;0;5159;2253;0;3269;1890;2253;853;4306;2253;1960;1159;784;3509;0
4316501;Salvador do Sul;1697;1696;1;0;0;0;1674;23;0;1637;60;0;1696;1;0;379;1318;0;28;1669;0;1637;60;0;1197;440;60;611;1026;60;444;411;197;645;0;399;391;1;3;0;4;376;19;4;360;35;4;384;11;4;63;332;4;9;386;4;347;48;4;256;91;52;105;242;52;148;72;43;132;4;4234;4232;2;0;0;0;4166;68;0;4078;156;0;4232;2;0;958;3276;0;68;4166;0;4083;151;0;3017;1066;151;1475;2608;151;1078;1035;458;1663;0
4316758;Santa Clara do Sul;1756;1739;17;0;0;0;986;770;0;1581;175;0;1721;35;0;427;1329;0;3;1753;0;1010;746;0;288;722;746;755;255;746;594;251;299;612;0;635;612;18;5;0;0;217;418;0;518;117;0;601;34;0;55;580;0;1;634;0;224;411;0;56;168;411;150;74;411;318;98;81;138;0;4659;4615;44;0;0;0;2516;2143;0;4196;463;0;4570;89;0;1043;3616;0;6;4653;0;2581;2078;0;745;1836;2078;1928;653;2078;1626;660;804;1569;0
4316808;Santa Cruz do Sul;48037;46895;869;259;0;14;43171;4852;14;40856;7167;14;47775;248;14;9067;38956;14;1411;46612;14;39335;8688;14;22085;17250;8702;15919;23416;8702;4994;4605;5996;32428;14;7636;7335;222;37;0;42;6390;1204;42;5945;1649;42;7350;244;42;990;6604;42;216;7378;42;4971;2623;42;2705;2266;2665;1758;3213;2665;1874;987;951;3782;42;117565;114582;2302;640;0;41;104539;12985;41;99023;18501;41;116900;624;41;21529;95995;41;3328;114196;41;94230;23294;41;54832;39398;23335;36326;57904;23335;12694;11917;15334;77579;41
4317251;Santa Tereza;238;234;4;0;0;0;216;22;0;192;46;0;221;17;0;2;236;0;0;238;0;207;31;0;166;41;31;25;182;31;68;26;21;123;0;155;148;4;3;0;0;125;30;0;105;50;0;125;30;0;4;151;0;0;155;0;102;53;0;83;19;53;15;87;53;53;14;10;78;0;563;550;13;0;0;0;511;52;0;455;108;0;514;49;0;6;557;0;0;563;0;485;78;0;396;89;78;53;432;78;159;68;53;283;0
4317558;Santo Antônio do Palma;331;326;5;0;0;0;302;29;0;290;41;0;322;9;0;21;310;0;0;331;0;260;71;0;115;145;71;192;68;71;117;97;29;88;0;185;174;8;3;0;0;134;51;0;125;60;0;157;28;0;6;179;0;0;185;0;105;80;0;35;70;80;56;49;80;96;32;15;42;0;872;856;16;0;0;0;796;76;0;765;107;0;849;23;0;44;828;0;0;872;0;701;171;0;285;416;171;511;190;171;314;254;71;233;0
4318051;São Domingos do Sul;785;759;26;0;0;0;751;34;0;701;84;0;778;7;0;44;741;0;0;785;0;576;209;0;338;238;209;199;377;209;189;115;151;330;0;267;255;11;1;0;0;242;25;0;233;34;0;255;12;0;9;258;0;0;267;0;155;112;0;77;78;112;67;88;112;106;42;39;80;0;2014;1938;76;0;0;0;1913;101;0;1783;231;0;1992;22;0;111;1903;0;0;2014;0;1459;555;0;852;607;555;510;949;555;477;301;406;830;0
4318200;São Francisco de Paula;5849;5701;127;18;0;3;4914;932;3;4215;1631;3;5791;55;3;243;5603;3;2;5844;3;4636;1210;3;4292;344;1213;965;3671;1213;3683;773;405;985;3;1698;1502;94;17;0;85;1030;583;85;734;879;85;1466;147;85;44;1569;85;10;1603;85;846;767;85;751;95;852;164;682;852;845;179;89;500;85;15554;15120;372;54;0;8;13054;2492;8;11222;4324;8;15380;166;8;622;14924;8;3;15543;8;12174;3372;8;11436;738;3380;2524;9650;3380;10108;2060;991;2387;8
4318440;São Jorge;627;627;0;0;0;0;602;25;0;612;15;0;625;2;0;9;618;0;0;627;0;585;42;0;266;319;42;7;578;42;97;40;50;440;0;134;134;0;0;0;0;112;22;0;112;22;0;120;14;0;3;131;0;0;134;0;90;44;0;43;47;44;1;89;44;43;10;11;70;0;1568;1568;0;0;0;0;1507;61;0;1529;39;0;1564;4;0;21;1547;0;0;1568;0;1464;104;0;681;783;104;22;1442;104;259;113;128;1068;0
4318465;São José do Herval;302;302;0;0;0;0;271;31;0;248;54;0;287;15;0;67;235;0;0;302;0;263;39;0;220;43;39;48;215;39;33;24;64;181;0;135;131;0;4;0;0;96;39;0;81;54;0;105;30;0;27;108;0;0;135;0;84;51;0;62;22;51;23;61;51;31;12;14;78;0;746;746;0;0;0;0;665;81;0;613;133;0;710;36;0;164;582;0;0;746;0;652;94;0;560;92;94;110;542;94;84;56;165;441;0
4318622;São José dos Ausentes;884;881;3;0;0;0;499;385;0;557;327;0;837;47;0;12;872;0;0;884;0;556;328;0;405;151;328;107;449;328;730;71;9;74;0;241;231;10;0;0;0;92;149;0;100;141;0;187;54;0;5;236;0;0;241;0;100;141;0;75;25;141;19;81;141;205;12;6;18;0;2454;2447;7;0;0;0;1386;1068;0;1534;920;0;2320;134;0;34;2420;0;0;2454;0;1542;912;0;1134;408;912;268;1274;912;2070;165;21;198;0
4319000;São Marcos;6631;6406;225;0;0;0;6161;470;0;5627;1004;0;6556;75;0;519;6112;0;0;6631;0;5671;960;0;4286;1385;960;366;5305;960;2121;1184;1061;2265;0;1662;1565;91;4;0;2;1441;219;2;1332;328;2;1606;54;2;117;1543;2;0;1660;2;1271;389;2;876;395;391;90;1181;391;807;255;226;372;2;16947;16362;585;0;0;0;15666;1281;0;14286;2661;0;16762;185;0;1342;15605;0;0;16947;0;14394;2553;0;10969;3425;2553;879;13515;2553;5579;3007;2658;5703;0
4319356;São Pedro da Serra;841;806;12;3;0;20;720;101;20;689;132;20;794;27;20;234;587;20;0;821;20;645;176;20;469;176;196;74;571;196;461;118;20;222;20;294;276;9;1;0;8;198;88;8;200;86;8;249;37;8;36;250;8;0;286;8;168;118;8;117;51;126;21;147;126;178;36;10;62;8;2227;2137;22;10;0;58;1923;246;58;1845;324;58;2100;69;58;632;1537;58;0;2169;58;1721;448;58;1265;456;506;198;1523;506;1207;312;51;599;58
4319711;São Valentim do Sul;378;378;0;0;0;0;321;57;0;334;44;0;374;4;0;0;378;0;23;355;0;159;219;0;125;34;219;4;155;219;123;16;26;213;0;270;270;0;0;0;0;182;88;0;195;75;0;258;12;0;0;270;0;11;259;0;67;203;0;45;22;203;5;62;203;141;13;23;93;0;953;953;0;0;0;0;814;139;0;845;108;0;943;10;0;0;953;0;62;891;0;401;552;0;311;90;552;11;390;552;326;37;65;525;0
4320404;Serafina Corrêa;5104;5097;7;0;0;0;5014;90;0;4831;273;0;5078;26;0;516;4588;0;0;5104;0;4504;600;0;3331;1173;600;1914;2590;600;355;188;270;4291;0;1273;1257;6;7;0;3;1206;64;3;1152;118;3;1226;44;3;58;1212;3;1;1269;3;945;325;3;724;221;328;282;663;328;156;83;89;942;3;13685;13663;22;0;0;0;13436;249;0;12964;721;0;13619;66;0;1360;12325;0;0;13685;0;12061;1624;0;9080;2981;1624;4921;7140;1624;919;535;726;11505;0
4320453;Sério;261;240;14;7;0;0;174;87;0;220;41;0;257;4;0;16;245;0;0;261;0;172;89;0;136;36;89;12;160;89;92;41;44;84;0;168;156;6;6;0;0;97;71;0;132;36;0;152;16;0;8;160;0;0;168;0;89;79;0;69;20;79;9;80;79;71;30;29;38;0;629;563;42;24;0;0;403;226;0;524;105;0;620;9;0;36;593;0;0;629;0;396;233;0;319;77;233;27;369;233;222;95;101;211;0
4320677;Sinimbu;527;519;8;0;0;0;440;87;0;420;107;0;521;6;0;148;379;0;0;527;0;368;159;0;143;225;159;228;140;159;196;50;20;261;0;148;144;4;0;0;0;103;45;0;103;45;0;142;6;0;24;124;0;0;148;0;89;59;0;30;59;59;67;22;59;81;10;6;51;0;1320;1303;17;0;0;0;1087;233;0;1034;286;0;1307;13;0;391;929;0;0;1320;0;917;403;0;357;560;403;573;344;403;478;119;52;671;0
4320800;Soledade;10184;9842;322;18;0;2;9619;563;2;8950;1232;2;10047;135;2;1025;9157;2;114;10068;2;8352;1830;2;6248;2104;1832;1595;6757;1832;3576;2038;1711;2857;2;2370;2237;115;7;0;11;2055;304;11;1889;470;11;2210;149;11;196;2163;11;41;2318;11;1696;663;11;1176;520;674;291;1405;674;1161;413;285;500;11;25876;24967;854;46;0;9;24365;1502;9;22716;3151;9;25548;319;9;2521;23346;9;289;25578;9;21030;4837;9;15989;5041;4846;3776;17254;4846;9157;5306;4341;7063;9
4320859;Tabaí;599;543;56;0;0;0;324;275;0;214;385;0;598;1;0;69;530;0;0;599;0;130;469;0;93;37;469;0;130;469;409;40;38;112;0;183;153;30;0;0;0;72;111;0;53;130;0;176;7;0;14;169;0;0;183;0;32;151;0;18;14;151;0;32;151;129;13;9;32;0;1557;1407;150;0;0;0;826;731;0;556;1001;0;1555;2;0;179;1378;0;0;1557;0;337;1220;0;237;100;1220;0;337;1220;1072;113;103;269;0
4321303;Taquari;8650;7985;649;16;0;0;7810;840;0;5947;2703;0;8579;71;0;1383;7267;0;152;8498;0;7972;678;0;7715;257;678;1284;6688;678;3477;1961;1620;1592;0;1566;1385;177;4;0;0;1295;271;0;970;596;0;1497;69;0;186;1380;0;28;1538;0;1334;232;0;1264;70;232;206;1128;232;833;322;204;207;0;21509;19849;1608;52;0;0;19355;2154;0;14871;6638;0;21323;186;0;3473;18036;0;368;21141;0;19828;1681;0;19277;551;1681;3323;16505;1681;8599;4872;4056;3982;0
4321451;Teutônia;11445;11375;65;4;0;1;9290;2154;1;10188;1256;1;11374;70;1;1589;9855;1;39;11405;1;8859;2585;1;4807;4052;2586;2293;6566;2586;6520;2136;1035;1753;1;3561;3484;45;12;0;20;2368;1173;20;2848;693;20;3290;251;20;373;3168;20;9;3532;20;2173;1368;20;1084;1089;1388;574;1599;1388;2415;483;242;401;20;29143;28985;150;7;0;1;23348;5794;1;25805;3337;1;28957;185;1;3915;25227;1;98;29044;1;22235;6907;1;12237;9998;6908;5670;16565;6908;16396;5587;2673;4486;1
4321626;Travesseiro;348;348;0;0;0;0;319;29;0;282;66;0;340;8;0;50;298;0;14;334;0;229;119;0;15;214;119;127;102;119;26;57;82;183;0;139;133;4;2;0;0;75;64;0;94;45;0;114;25;0;12;127;0;5;134;0;62;77;0;11;51;77;37;25;77;53;32;17;37;0;888;888;0;0;0;0;815;73;0;719;169;0;869;19;0;126;762;0;40;848;0;595;293;0;40;555;293;324;271;293;69;162;200;457;0
4322004;Triunfo;6837;6714;100;11;0;12;4376;2449;12;4208;2617;12;6646;179;12;1309;5516;12;352;6473;12;3898;2927;12;3560;338;2939;500;3398;2939;1926;2290;1059;1550;12;1580;1525;42;8;0;5;849;726;5;774;801;5;1420;155;5;166;1409;5;23;1552;5;690;885;5;586;104;890;123;567;890;601;560;183;231;5;17713;17368;283;34;0;28;11188;6497;28;10769;6916;28;17210;475;28;3389;14296;28;1014;16671;28;9940;7745;28;9138;802;7773;1180;8760;7773;5050;5893;2761;3981;28
4322350;União da Serra;117;117;0;0;0;0;108;9;0;105;12;0;117;0;0;0;117;0;0;117;0;105;12;0;75;30;12;37;68;12;34;15;2;66;0;97;97;0;0;0;0;88;9;0;85;12;0;93;4;0;3;94;0;0;97;0;79;18;0;57;22;18;29;50;18;26;10;2;59;0;299;299;0;0;0;0;278;21;0;270;29;0;299;0;0;0;299;0;0;299;0;270;29;0;193;77;29;96;174;29;90;36;4;169;0
4322509;Vacaria;21885;21529;342;12;0;2;20406;1477;2;13257;8626;2;21340;543;2;1722;20161;2;201;21682;2;19984;1899;2;9021;10963;1901;706;19278;1901;9576;5228;3251;3828;2;5121;5001;113;2;0;5;4547;569;5;2623;2493;5;4905;211;5;343;4773;5;57;5059;5;4253;863;5;1707;2546;868;190;4063;868;2817;1085;608;606;5;59053;57984;1011;50;0;8;54544;4501;8;35255;23790;8;57522;1523;8;4518;54527;8;511;58534;8;53395;5650;8;24784;28611;5658;1726;51669;5658;26534;14170;8666;9675;8
4322525;Vale Verde;412;388;24;0;0;0;293;119;0;269;143;0;412;0;0;94;318;0;0;412;0;306;106;0;169;137;106;120;186;106;103;64;32;213;0;152;117;35;0;0;0;67;85;0;63;89;0;146;6;0;16;136;0;0;152;0;82;70;0;49;33;70;26;56;70;38;29;14;71;0;969;909;60;0;0;0;660;309;0;615;354;0;969;0;0;207;762;0;0;969;0;706;263;0;398;308;263;270;436;263;242;137;84;506;0
4322558;Vanini;530;523;7;0;0;0;488;42;0;493;37;0;527;3;0;17;513;0;0;530;0;452;78;0;275;177;78;71;381;78;87;119;102;222;0;197;192;5;0;0;0;175;22;0;184;13;0;181;16;0;6;191;0;0;197;0;132;65;0;74;58;65;25;107;65;52;45;30;70;0;1313;1286;27;0;0;0;1177;136;0;1190;123;0;1306;7;0;54;1259;0;0;1313;0;1094;219;0;663;431;219;180;914;219;225;299;268;521;0
4322608;Venâncio Aires;18049;17880;153;11;0;5;14836;3208;5;16647;1397;5;17927;117;5;1994;16050;5;103;17941;5;14228;3816;5;6728;7500;3821;6285;7943;3821;2261;2437;3011;10335;5;3528;3461;51;11;0;5;2678;845;5;3061;462;5;3339;184;5;330;3193;5;34;3489;5;2372;1151;5;1077;1295;1156;1058;1314;1156;840;553;564;1566;5;43949;43522;397;22;0;8;35482;8459;8;40289;3652;8;43619;322;8;4850;39091;8;237;43704;8;33998;9943;8;16652;17346;9951;14945;19053;9951;5445;6109;7247;25140;8
4322806;Veranópolis;8319;8038;168;113;0;0;8246;73;0;7592;727;0;8293;26;0;1244;7075;0;53;8266;0;7740;579;0;5278;2462;579;2663;5077;579;1744;922;1050;4603;0;1423;1359;31;32;0;1;1352;70;1;1193;229;1;1350;72;1;145;1277;1;2;1420;1;1066;356;1;718;348;357;257;809;357;487;210;151;574;1;20654;19907;436;311;0;0;20452;202;0;18759;1895;0;20584;70;0;3258;17396;0;128;20526;0;19140;1514;0;13510;5630;1514;6044;13096;1514;4419;2394;2697;11144;0
4322855;Vespasiano Corrêa;217;216;0;1;0;0;211;6;0;214;3;0;216;1;0;35;182;0;35;182;0;202;15;0;143;59;15;80;122;15;44;58;65;50;0;104;100;2;2;0;0;83;21;0;87;17;0;88;16;0;5;99;0;5;99;0;62;42;0;37;25;42;25;37;42;47;25;19;13;0;522;520;0;2;0;0;504;18;0;511;11;0;520;2;0;88;434;0;88;434;0;482;40;0;342;140;40;181;301;40;111;138;162;111;0
4323309;Vila Flores;877;877;0;0;0;0;817;60;0;822;55;0;866;11;0;154;723;0;36;841;0;629;248;0;465;164;248;235;394;248;252;212;162;251;0;360;354;0;1;0;5;330;25;5;287;68;5;336;19;5;32;323;5;6;349;5;179;176;5;125;54;181;60;119;181;208;49;25;73;5;2311;2311;0;0;0;0;2146;165;0;2163;148;0;2286;25;0;408;1903;0;97;2214;0;1610;701;0;1220;390;701;570;1040;701;663;550;430;668;0
4323408;Vila Maria;1066;1065;1;0;0;0;886;180;0;835;231;0;1060;6;0;20;1046;0;0;1066;0;857;209;0;648;209;209;173;684;209;466;289;124;187;0;493;492;1;0;0;0;365;128;0;313;180;0;454;39;0;6;487;0;0;493;0;275;218;0;199;76;218;59;216;218;311;91;37;54;0;2763;2760;3;0;0;0;2275;488;0;2154;609;0;2748;15;0;52;2711;0;0;2763;0;2201;562;0;1661;540;562;439;1762;562;1174;736;355;498;0
4323606;Vista Alegre do Prata;184;184;0;0;0;0;180;4;0;180;4;0;182;2;0;0;184;0;0;184;0;180;4;0;83;97;4;14;166;4;13;22;8;141;0;63;62;0;0;0;1;55;7;1;55;7;1;57;5;1;0;62;1;0;62;1;55;7;1;25;30;8;3;52;8;16;8;3;35;1;486;486;0;0;0;0;479;7;0;479;7;0;483;3;0;0;486;0;0;486;0;479;7;0;225;254;7;36;443;7;34;61;28;363;0
4323770;Westfália;638;638;0;0;0;0;487;151;0;556;82;0;635;3;0;37;601;0;39;599;0;428;210;0;108;320;210;154;274;210;613;3;0;22;0;320;308;2;10;0;0;180;140;0;270;50;0;290;30;0;15;305;0;27;293;0;160;160;0;36;124;160;81;79;160;299;4;2;15;0;1699;1699;0;0;0;0;1285;414;0;1473;226;0;1689;10;0;99;1600;0;109;1590;0;1124;575;0;281;843;575;436;688;575;1637;9;0;53;0
