timestamp_label,timestamp_note,rain_86472600_mm_sum,rain_86472600_record_count,flow_86472600_source_unit_mean,flow_86472600_record_count,level_86472600_source_unit_mean,level_86472600_record_count,rain_86472000_mm_sum,rain_86472000_record_count,flow_86472000_source_unit_mean,flow_86472000_record_count,level_86472000_source_unit_mean,level_86472000_record_count,rain_02851044_mm_sum,rain_02851044_record_count,flow_02851044_source_unit_mean,flow_02851044_record_count,level_02851044_source_unit_mean,level_02851044_record_count,rain_02851072_mm_sum,rain_02851072_record_count,flow_02851072_source_unit_mean,flow_02851072_record_count,level_02851072_source_unit_mean,level_02851072_record_count
2023-09-01 00:00:00,carimbo da API ANA agrupado por hora; fuso ainda não fechado,,0,,0,,0,0.0,4,184.225,4,335.25,4,0.0,4,,0,,0,0.0,1,,0,,0
2023-09-01 01:00:00,carimbo da API ANA agrupado por hora; fuso ainda não fechado,,0,,0,,0,0.0,4,158.8,4,321.0,4,0.0,4,,0,,0,0.0,1,,0,,0
2023-09-01 02:00:00,carimbo da API ANA agrupado por hora; fuso ainda não fechado,,0,,0,,0,0.0,4,117.225,4,295.25,4,0.0,4,,0,,0,0.0,1,,0,,0
2023-09-01 03:00:00,carimbo da API ANA agrupado por hora; fuso ainda não fechado,,0,,0,,0,0.0,4,76.5,4,266.25,4,0.0,4,,0,,0,0.0,1,,0,,0
2023-09-01 04:00:00,carimbo da API ANA agrupado por hora; fuso ainda não fechado,,0,,0,,0,0.0,4,55.25,4,248.5,4,0.0,4,,0,,0,0.0,1,,0,,0
2023-09-01 05:00:00,carimbo da API ANA agrupado por hora; fuso ainda não fechado,,0,,0,,0,0.0,4,44.55,4,238.5,4,0.0,4,,0,,0,0.0,1,,0,,0
2023-09-01 06:00:00,carimbo da API ANA agrupado por hora; fuso ainda não fechado,,0,,0,,0,0.0,4,39.6,4,233.5,4,0.0,4,,0,,0,0.0,1,,0,,0
2023-09-01 07:00:00,carimbo da API ANA agrupado por hora; fuso ainda não fechado,,0,,0,,0,0.0,4,36.75,4,230.5,4,0.0,4,,0,,0,0.0,1,,0,,0
2023-09-01 08:00:00,carimbo da API ANA agrupado por hora; fuso ainda não fechado,,0,,0,,0,0.0,4,35.55,4,229.25,4,0.0,4,,0,,0,0.0,1,,0,,0
2023-09-01 09:00:00,carimbo da API ANA agrupado por hora; fuso ainda não fechado,,0,,0,,0,0.0,4,34.85,4,228.5,4,0.0,4,,0,,0,0.0,1,,0,,0
2023-09-01 10:00:00,carimbo da API ANA agrupado por hora; fuso ainda não fechado,,0,,0,,0,0.0,4,34.4,4,228.0,4,0.0,4,,0,,0,0.0,1,,0,,0
2023-09-01 11:00:00,carimbo da API ANA agrupado por hora; fuso ainda não fechado,,0,,0,,0,0.0,4,34.175,4,227.75,4,0.0,4,,0,,0,0.0,1,,0,,0
2023-09-01 12:00:00,carimbo da API ANA agrupado por hora; fuso ainda não fechado,,0,,0,,0,0.0,4,33.725,4,227.25,4,0.0,4,,0,,0,0.0,1,,0,,0
2023-09-01 13:00:00,carimbo da API ANA agrupado por hora; fuso ainda não fechado,,0,,0,,0,0.0,4,33.725,4,227.25,4,0.0,4,,0,,0,0.0,1,,0,,0
2023-09-01 14:00:00,carimbo da API ANA agrupado por hora; fuso ainda não fechado,,0,,0,,0,0.0,4,33.5,4,227.0,4,0.0,4,,0,,0,0.0,1,,0,,0
2023-09-01 15:00:00,carimbo da API ANA agrupado por hora; fuso ainda não fechado,,0,,0,,0,0.0,4,33.5,4,227.0,4,0.0,4,,0,,0,0.0,1,,0,,0
2023-09-01 16:00:00,carimbo da API ANA agrupado por hora; fuso ainda não fechado,,0,,0,,0,0.0,4,33.5,4,227.0,4,0.0,4,,0,,0,0.0,1,,0,,0
2023-09-01 17:00:00,carimbo da API ANA agrupado por hora; fuso ainda não fechado,,0,,0,,0,0.0,4,36.575,4,230.25,4,0.0,4,,0,,0,0.0,1,,0,,0
2023-09-01 18:00:00,carimbo da API ANA agrupado por hora; fuso ainda não fechado,,0,,0,,0,0.0,4,86.5,4,273.0,4,0.0,4,,0,,0,0.0,1,,0,,0
2023-09-01 19:00:00,carimbo da API ANA agrupado por hora; fuso ainda não fechado,,0,,0,,0,1.8,4,158.125,4,320.5,4,2.8,4,,0,,0,0.6,1,,0,,0
2023-09-01 20:00:00,carimbo da API ANA agrupado por hora; fuso ainda não fechado,,0,,0,,0,2.0,4,176.85,4,331.25,4,3.4,4,,0,,0,2.0,1,,0,,0
2023-09-01 21:00:00,carimbo da API ANA agrupado por hora; fuso ainda não fechado,,0,,0,,0,2.2,4,170.15,4,327.5,4,2.2,4,,0,,0,4.2,1,,0,,0
2023-09-01 22:00:00,carimbo da API ANA agrupado por hora; fuso ainda não fechado,,0,,0,,0,1.0,4,160.9,4,322.25,4,1.2,4,,0,,0,4.4,1,,0,,0
2023-09-01 23:00:00,carimbo da API ANA agrupado por hora; fuso ainda não fechado,,0,,0,,0,2.6,4,151.475,4,316.75,4,3.8,4,,0,,0,2.4,1,,0,,0
2023-09-02 00:00:00,carimbo da API ANA agrupado por hora; fuso ainda não fechado,,0,,0,,0,2.4,4,146.825,4,314.0,4,5.4,4,,0,,0,3.4,1,,0,,0
2023-09-02 01:00:00,carimbo da API ANA agrupado por hora; fuso ainda não fechado,,0,,0,,0,1.2,4,128.7,4,302.75,4,5.8,4,,0,,0,5.8,1,,0,,0
2023-09-02 02:00:00,carimbo da API ANA agrupado por hora; fuso ainda não fechado,,0,,0,,0,4.0,4,88.35,4,275.25,4,6.4,4,,0,,0,7.4,1,,0,,0
2023-09-02 03:00:00,carimbo da API ANA agrupado por hora; fuso ainda não fechado,,0,,0,,0,1.8,4,62.1,4,254.5,4,3.0,4,,0,,0,6.6,1,,0,,0
2023-09-02 04:00:00,carimbo da API ANA agrupado por hora; fuso ainda não fechado,,0,,0,,0,0.2,4,48.975,4,242.75,4,1.8,4,,0,,0,8.8,1,,0,,0
2023-09-02 05:00:00,carimbo da API ANA agrupado por hora; fuso ainda não fechado,,0,,0,,0,0.0,4,42.5,4,236.5,4,1.2,4,,0,,0,5.6,1,,0,,0
2023-09-02 06:00:00,carimbo da API ANA agrupado por hora; fuso ainda não fechado,,0,,0,,0,0.0,4,39.125,4,233.0,4,0.0,4,,0,,0,1.0,1,,0,,0
2023-09-02 07:00:00,carimbo da API ANA agrupado por hora; fuso ainda não fechado,,0,,0,,0,0.0,4,37.95,4,231.75,4,0.0,4,,0,,0,0.0,1,,0,,0
2023-09-02 08:00:00,carimbo da API ANA agrupado por hora; fuso ainda não fechado,,0,,0,,0,0.0,4,37.7,4,231.5,4,0.0,4,,0,,0,0.0,1,,0,,0
2023-09-02 09:00:00,carimbo da API ANA agrupado por hora; fuso ainda não fechado,,0,,0,,0,0.0,4,41.05,4,235.0,4,0.0,4,,0,,0,0.0,1,,0,,0
2023-09-02 10:00:00,carimbo da API ANA agrupado por hora; fuso ainda não fechado,,0,,0,,0,0.0,4,45.575,4,239.5,4,0.0,4,,0,,0,0.0,1,,0,,0
2023-09-02 11:00:00,carimbo da API ANA agrupado por hora; fuso ainda não fechado,,0,,0,,0,0.0,4,48.975,4,242.75,4,0.0,4,,0,,0,0.2,1,,0,,0
2023-09-02 12:00:00,carimbo da API ANA agrupado por hora; fuso ainda não fechado,,0,,0,,0,0.0,4,50.025,4,243.75,4,0.0,4,,0,,0,0.0,1,,0,,0
2023-09-02 13:00:00,carimbo da API ANA agrupado por hora; fuso ainda não fechado,,0,,0,,0,0.0,4,52.25,4,245.75,4,0.0,4,,0,,0,0.0,1,,0,,0
2023-09-02 14:00:00,carimbo da API ANA agrupado por hora; fuso ainda não fechado,,0,,0,,0,0.0,4,104.6,4,286.25,4,0.0,4,,0,,0,0.0,1,,0,,0
2023-09-02 15:00:00,carimbo da API ANA agrupado por hora; fuso ainda não fechado,,0,,0,,0,0.0,4,173.075,4,329.0,4,0.0,4,,0,,0,0.0,1,,0,,0
2023-09-02 16:00:00,carimbo da API ANA agrupado por hora; fuso ainda não fechado,,0,,0,,0,0.0,4,203.475,4,345.5,4,0.0,4,,0,,0,0.0,1,,0,,0
2023-09-02 17:00:00,carimbo da API ANA agrupado por hora; fuso ainda não fechado,,0,,0,,0,0.0,4,210.675,4,349.25,4,0.0,4,,0,,0,0.0,1,,0,,0
2023-09-02 18:00:00,carimbo da API ANA agrupado por hora; fuso ainda não fechado,,0,,0,,0,0.0,4,209.25,4,348.5,4,0.0,4,,0,,0,0.0,1,,0,,0
2023-09-02 19:00:00,carimbo da API ANA agrupado por hora; fuso ainda não fechado,,0,,0,,0,0.0,4,205.35,4,346.5,4,0.0,4,,0,,0,0.0,1,,0,,0
2023-09-02 20:00:00,carimbo da API ANA agrupado por hora; fuso ainda não fechado,,0,,0,,0,0.0,4,209.725,4,348.75,4,0.0,4,,0,,0,0.0,1,,0,,0
2023-09-02 21:00:00,carimbo da API ANA agrupado por hora; fuso ainda não fechado,,0,,0,,0,0.0,4,221.0,4,354.5,4,0.0,4,,0,,0,0.0,1,,0,,0
2023-09-02 22:00:00,carimbo da API ANA agrupado por hora; fuso ainda não fechado,,0,,0,,0,0.0,4,229.525,4,358.75,4,0.0,4,,0,,0,0.0,1,,0,,0
2023-09-02 23:00:00,carimbo da API ANA agrupado por hora; fuso ainda não fechado,,0,,0,,0,0.0,4,238.675,4,363.25,4,0.0,4,,0,,0,0.0,1,,0,,0
2023-09-03 00:00:00,carimbo da API ANA agrupado por hora; fuso ainda não fechado,,0,,0,,0,0.0,4,234.625,4,361.25,4,0.0,4,,0,,0,0.0,1,,0,,0
2023-09-03 01:00:00,carimbo da API ANA agrupado por hora; fuso ainda não fechado,,0,,0,,0,0.0,4,205.925,4,346.75,4,0.0,4,,0,,0,0.0,1,,0,,0
2023-09-03 02:00:00,carimbo da API ANA agrupado por hora; fuso ainda não fechado,,0,,0,,0,0.0,4,182.375,4,334.25,4,0.0,4,,0,,0,0.0,1,,0,,0
2023-09-03 03:00:00,carimbo da API ANA agrupado por hora; fuso ainda não fechado,,0,,0,,0,0.0,4,173.25,4,329.25,4,0.0,4,,0,,0,0.0,1,,0,,0
2023-09-03 04:00:00,carimbo da API ANA agrupado por hora; fuso ainda não fechado,,0,,0,,0,0.0,4,172.8,4,329.0,4,0.0,4,,0,,0,1.0,1,,0,,0
2023-09-03 05:00:00,carimbo da API ANA agrupado por hora; fuso ainda não fechado,,0,,0,,0,12.0,4,175.5,4,330.5,4,3.8,4,,0,,0,0.0,1,,0,,0
2023-09-03 06:00:00,carimbo da API ANA agrupado por hora; fuso ainda não fechado,,0,,0,,0,15.0,4,183.75,4,335.0,4,7.8,4,,0,,0,0.0,1,,0,,0
2023-09-03 07:00:00,carimbo da API ANA agrupado por hora; fuso ainda não fechado,,0,,0,,0,12.6,4,196.35,4,341.75,4,2.4,4,,0,,0,0.0,1,,0,,0
2023-09-03 08:00:00,carimbo da API ANA agrupado por hora; fuso ainda não fechado,,0,,0,,0,3.4,4,220.575,4,354.25,4,7.6,4,,0,,0,5.4,1,,0,,0
2023-09-03 09:00:00,carimbo da API ANA agrupado por hora; fuso ainda não fechado,,0,,0,,0,3.6,4,248.0,4,367.75,4,4.0,4,,0,,0,7.2,1,,0,,0
2023-09-03 10:00:00,carimbo da API ANA agrupado por hora; fuso ainda não fechado,,0,,0,,0,5.2,4,265.95,4,376.25,4,5.0,4,,0,,0,3.8,1,,0,,0
2023-09-03 11:00:00,carimbo da API ANA agrupado por hora; fuso ainda não fechado,,0,,0,,0,4.6,4,286.175,4,385.5,4,5.0,4,,0,,0,6.2,1,,0,,0
2023-09-03 12:00:00,carimbo da API ANA agrupado por hora; fuso ainda não fechado,,0,,0,,0,1.2,4,318.75,4,400.0,4,2.8,4,,0,,0,10.8,1,,0,,0
2023-09-03 13:00:00,carimbo da API ANA agrupado por hora; fuso ainda não fechado,,0,,0,,0,2.6,4,351.3,4,414.5,4,1.2,4,,0,,0,4.2,1,,0,,0
2023-09-03 14:00:00,carimbo da API ANA agrupado por hora; fuso ainda não fechado,,0,,0,,0,1.4,4,409.45,4,439.25,4,2.8,4,,0,,0,0.8,1,,0,,0
2023-09-03 15:00:00,carimbo da API ANA agrupado por hora; fuso ainda não fechado,,0,,0,,0,0.2,4,497.975,4,474.75,4,0.0,4,,0,,0,0.4,1,,0,,0
2023-09-03 16:00:00,carimbo da API ANA agrupado por hora; fuso ainda não fechado,,0,,0,,0,0.0,4,541.35,4,491.25,4,0.0,4,,0,,0,0.0,1,,0,,0
2023-09-03 17:00:00,carimbo da API ANA agrupado por hora; fuso ainda não fechado,,0,,0,,0,0.0,4,559.5,4,498.0,4,0.0,4,,0,,0,0.0,1,,0,,0
2023-09-03 18:00:00,carimbo da API ANA agrupado por hora; fuso ainda não fechado,,0,,0,,0,0.0,4,558.15,4,497.5,4,0.0,4,,0,,0,0.0,1,,0,,0
2023-09-03 19:00:00,carimbo da API ANA agrupado por hora; fuso ainda não fechado,,0,,0,,0,0.0,4,565.6,4,500.25,4,0.0,4,,0,,0,0.0,1,,0,,0
2023-09-03 20:00:00,carimbo da API ANA agrupado por hora; fuso ainda não fechado,,0,,0,,0,0.0,4,586.825,4,508.0,4,0.0,4,,0,,0,0.2,1,,0,,0
2023-09-03 21:00:00,carimbo da API ANA agrupado por hora; fuso ainda não fechado,,0,,0,,0,0.6,4,586.125,4,507.75,4,0.6,4,,0,,0,1.8,1,,0,,0
2023-09-03 22:00:00,carimbo da API ANA agrupado por hora; fuso ainda não fechado,,0,,0,,0,2.2,4,591.0,4,509.5,4,8.8,4,,0,,0,23.2,1,,0,,0
2023-09-03 23:00:00,carimbo da API ANA agrupado por hora; fuso ainda não fechado,,0,,0,,0,2.4,4,597.9,4,512.0,4,2.2,4,,0,,0,35.0,1,,0,,0
2023-09-04 00:00:00,carimbo da API ANA agrupado por hora; fuso ainda não fechado,,0,,0,,0,3.6,4,612.6,4,517.25,4,3.2,4,,0,,0,11.0,1,,0,,0
2023-09-04 01:00:00,carimbo da API ANA agrupado por hora; fuso ainda não fechado,,0,,0,,0,2.0,4,644.5,4,528.5,4,2.0,4,,0,,0,20.8,1,,0,,0
2023-09-04 02:00:00,carimbo da API ANA agrupado por hora; fuso ainda não fechado,,0,,0,,0,8.0,4,701.225,4,548.0,4,5.4,4,,0,,0,28.2,1,,0,,0
2023-09-04 03:00:00,carimbo da API ANA agrupado por hora; fuso ainda não fechado,,0,,0,,0,6.4,4,775.075,4,572.5,4,11.2,4,,0,,0,1.0,1,,0,,0
2023-09-04 04:00:00,carimbo da API ANA agrupado por hora; fuso ainda não fechado,,0,,0,,0,6.4,4,874.925,4,604.25,4,8.0,4,,0,,0,1.4,1,,0,,0
2023-09-04 05:00:00,carimbo da API ANA agrupado por hora; fuso ainda não fechado,,0,,0,,0,5.8,4,989.325,4,639.0,4,10.8,4,,0,,0,16.4,1,,0,,0
2023-09-04 06:00:00,carimbo da API ANA agrupado por hora; fuso ainda não fechado,,0,,0,,0,10.0,4,1102.85,4,672.0,4,12.4,4,,0,,0,14.8,1,,0,,0
2023-09-04 07:00:00,carimbo da API ANA agrupado por hora; fuso ainda não fechado,,0,,0,,0,4.0,4,1222.05,4,705.25,4,11.0,4,,0,,0,1.2,1,,0,,0
2023-09-04 08:00:00,carimbo da API ANA agrupado por hora; fuso ainda não fechado,,0,,0,,0,9.4,4,1411.225,4,755.5,4,10.8,4,,0,,0,6.4,1,,0,,0
2023-09-04 09:00:00,carimbo da API ANA agrupado por hora; fuso ainda não fechado,,0,,0,,0,3.8,4,1783.475,4,847.25,4,0.8,4,,0,,0,3.6,1,,0,,0
2023-09-04 10:00:00,carimbo da API ANA agrupado por hora; fuso ainda não fechado,,0,,0,,0,10.4,4,2668.275,4,1039.0,4,6.2,4,,0,,0,21.0,1,,0,,0
2023-09-04 11:00:00,carimbo da API ANA agrupado por hora; fuso ainda não fechado,,0,,0,,0,2.8,4,4166.425,4,1318.0,4,10.2,4,,0,,0,1.0,1,,0,,0
2023-09-04 12:00:00,carimbo da API ANA agrupado por hora; fuso ainda não fechado,,0,,0,,0,5.4,4,5584.5,4,1547.5,4,7.8,4,,0,,0,0.2,1,,0,,0
2023-09-04 13:00:00,carimbo da API ANA agrupado por hora; fuso ainda não fechado,,0,,0,,0,1.6,4,7420.35,4,1813.25,4,3.6,4,,0,,0,22.6,1,,0,,0
2023-09-04 14:00:00,carimbo da API ANA agrupado por hora; fuso ainda não fechado,,0,,0,,0,3.0,4,9411.575,4,2075.0,4,5.8,4,,0,,0,0.4,1,,0,,0
2023-09-04 15:00:00,carimbo da API ANA agrupado por hora; fuso ainda não fechado,,0,,0,,0,1.6,4,10827.275,4,2248.25,4,4.4,4,,0,,0,1.4,1,,0,,0
2023-09-04 16:00:00,carimbo da API ANA agrupado por hora; fuso ainda não fechado,,0,,0,,0,9.8,4,11917.475,4,2375.75,4,10.0,4,,0,,0,0.2,1,,0,,0
2023-09-04 17:00:00,carimbo da API ANA agrupado por hora; fuso ainda não fechado,,0,,0,,0,1.0,4,12940.425,4,2490.75,4,1.4,4,,0,,0,15.0,1,,0,,0
2023-09-04 18:00:00,carimbo da API ANA agrupado por hora; fuso ainda não fechado,,0,,0,,0,0.0,4,13854.725,4,2590.0,4,0.0,4,,0,,0,0.6,1,,0,,0
2023-09-04 19:00:00,carimbo da API ANA agrupado por hora; fuso ainda não fechado,,0,,0,,0,0.0,4,14602.025,4,2670.5,4,0.0,4,,0,,0,0.0,1,,0,,0
2023-09-04 20:00:00,carimbo da API ANA agrupado por hora; fuso ainda não fechado,,0,,0,,0,0.0,4,15057.0,4,2718.75,4,0.0,4,,0,,0,0.0,1,,0,,0
2023-09-04 21:00:00,carimbo da API ANA agrupado por hora; fuso ainda não fechado,,0,,0,,0,3.6,4,15292.425,4,2743.5,4,3.8,4,,0,,0,0.0,1,,0,,0
2023-09-04 22:00:00,carimbo da API ANA agrupado por hora; fuso ainda não fechado,,0,,0,,0,1.6,4,15447.875,4,2759.75,4,4.4,4,,0,,0,6.6,1,,0,,0
2023-09-04 23:00:00,carimbo da API ANA agrupado por hora; fuso ainda não fechado,,0,,0,,0,0.0,4,15282.925,4,2742.5,4,0.2,4,,0,,0,5.8,1,,0,,0
2023-09-05 00:00:00,carimbo da API ANA agrupado por hora; fuso ainda não fechado,,0,,0,,0,0.4,4,15063.84,4,2720.5,4,0.2,3,,0,,0,0.2,1,,0,,0
2023-09-05 01:00:00,carimbo da API ANA agrupado por hora; fuso ainda não fechado,,0,,0,,0,0.6,4,14627.9525,4,2674.5,4,0.8,4,,0,,0,0.0,1,,0,,0
2023-09-05 02:00:00,carimbo da API ANA agrupado por hora; fuso ainda não fechado,,0,,0,,0,0.0,4,14087.4675,4,2616.75,4,0.2,4,,0,,0,0.0,1,,0,,0
2023-09-05 03:00:00,carimbo da API ANA agrupado por hora; fuso ainda não fechado,,0,,0,,0,0.2,4,13644.045,4,2568.75,4,0.2,4,,0,,0,0.0,1,,0,,0
2023-09-05 04:00:00,carimbo da API ANA agrupado por hora; fuso ainda não fechado,,0,,0,,0,0.6,4,13151.665,4,2514.75,4,0.2,4,,0,,0,0.0,1,,0,,0
2023-09-05 05:00:00,carimbo da API ANA agrupado por hora; fuso ainda não fechado,,0,,0,,0,0.0,4,12659.8125,4,2460.0,4,0.0,4,,0,,0,0.4,1,,0,,0
2023-09-05 06:00:00,carimbo da API ANA agrupado por hora; fuso ainda não fechado,,0,,0,,0,0.0,4,12166.1075,4,2404.25,4,0.2,4,,0,,0,0.2,1,,0,,0
2023-09-05 07:00:00,carimbo da API ANA agrupado por hora; fuso ainda não fechado,,0,,0,,0,0.2,4,11727.955,4,2354.0,4,0.2,4,,0,,0,0.0,1,,0,,0
2023-09-05 08:00:00,carimbo da API ANA agrupado por hora; fuso ainda não fechado,,0,,0,,0,0.0,4,11248.46,4,2298.25,4,0.0,4,,0,,0,0.0,1,,0,,0
2023-09-05 09:00:00,carimbo da API ANA agrupado por hora; fuso ainda não fechado,,0,,0,,0,0.0,4,10776.7375,4,2242.5,4,0.0,4,,0,,0,0.0,1,,0,,0
2023-09-05 10:00:00,carimbo da API ANA agrupado por hora; fuso ainda não fechado,,0,,0,,0,0.0,4,10253.4475,4,2179.5,4,0.0,4,,0,,0,0.2,1,,0,,0
2023-09-05 11:00:00,carimbo da API ANA agrupado por hora; fuso ainda não fechado,,0,,0,,0,0.0,4,9776.2525,4,2121.0,4,0.0,4,,0,,0,0.0,1,,0,,0
2023-09-05 12:00:00,carimbo da API ANA agrupado por hora; fuso ainda não fechado,,0,,0,,0,0.0,4,9258.2725,4,2056.25,4,0.0,4,,0,,0,0.0,1,,0,,0
2023-09-05 13:00:00,carimbo da API ANA agrupado por hora; fuso ainda não fechado,,0,,0,,0,0.0,4,8673.9125,4,1981.5,4,0.0,4,,0,,0,0.0,1,,0,,0
2023-09-05 14:00:00,carimbo da API ANA agrupado por hora; fuso ainda não fechado,,0,,0,,0,0.0,4,8232.3,4,1923.75,4,0.0,4,,0,,0,0.0,1,,0,,0
2023-09-05 15:00:00,carimbo da API ANA agrupado por hora; fuso ainda não fechado,,0,,0,,0,0.0,4,7864.48,4,1874.75,4,0.0,4,,0,,0,0.0,1,,0,,0
2023-09-05 16:00:00,carimbo da API ANA agrupado por hora; fuso ainda não fechado,,0,,0,,0,0.0,4,7478.4625,4,1822.25,4,0.2,4,,0,,0,0.0,1,,0,,0
2023-09-05 17:00:00,carimbo da API ANA agrupado por hora; fuso ainda não fechado,,0,,0,,0,0.0,4,6991.4775,4,1754.75,4,0.0,4,,0,,0,0.0,1,,0,,0
2023-09-05 18:00:00,carimbo da API ANA agrupado por hora; fuso ainda não fechado,,0,,0,,0,0.0,4,6648.2475,4,1706.0,4,0.0,4,,0,,0,0.0,1,,0,,0
2023-09-05 19:00:00,carimbo da API ANA agrupado por hora; fuso ainda não fechado,,0,,0,,0,0.0,4,6229.5,4,1645.25,4,0.0,4,,0,,0,0.0,1,,0,,0
2023-09-05 20:00:00,carimbo da API ANA agrupado por hora; fuso ainda não fechado,,0,,0,,0,0.0,4,5977.9,4,1608.0,4,0.0,4,,0,,0,0.0,1,,0,,0
2023-09-05 21:00:00,carimbo da API ANA agrupado por hora; fuso ainda não fechado,,0,,0,,0,0.0,4,5687.73,4,1564.25,4,0.0,4,,0,,0,0.0,1,,0,,0
2023-09-05 22:00:00,carimbo da API ANA agrupado por hora; fuso ainda não fechado,,0,,0,,0,0.0,4,5165.6675,4,1483.25,4,0.0,4,,0,,0,0.0,1,,0,,0
2023-09-05 23:00:00,carimbo da API ANA agrupado por hora; fuso ainda não fechado,,0,,0,,0,0.0,4,4794.89,4,1424.0,4,0.0,4,,0,,0,0.0,1,,0,,0
2023-09-06 00:00:00,carimbo da API ANA agrupado por hora; fuso ainda não fechado,,0,,0,,0,0.0,4,4606.825,4,1393.25,4,0.0,4,,0,,0,0.0,1,,0,,0
2023-09-06 01:00:00,carimbo da API ANA agrupado por hora; fuso ainda não fechado,,0,,0,,0,0.0,4,4475.685,4,1371.5,4,0.0,4,,0,,0,0.0,1,,0,,0
2023-09-06 02:00:00,carimbo da API ANA agrupado por hora; fuso ainda não fechado,,0,,0,,0,0.0,4,4374.22,4,1354.5,4,0.0,4,,0,,0,0.0,1,,0,,0
2023-09-06 03:00:00,carimbo da API ANA agrupado por hora; fuso ainda não fechado,,0,,0,,0,0.0,4,4176.8925,4,1321.0,4,0.0,4,,0,,0,0.0,1,,0,,0
2023-09-06 04:00:00,carimbo da API ANA agrupado por hora; fuso ainda não fechado,,0,,0,,0,0.0,4,3908.7675,4,1274.5,4,0.0,4,,0,,0,0.0,1,,0,,0
2023-09-06 05:00:00,carimbo da API ANA agrupado por hora; fuso ainda não fechado,,0,,0,,0,0.0,4,3596.2525,4,1218.75,4,0.0,4,,0,,0,0.0,1,,0,,0
2023-09-06 06:00:00,carimbo da API ANA agrupado por hora; fuso ainda não fechado,,0,,0,,0,0.0,4,3400.915,4,1183.0,4,0.0,4,,0,,0,0.0,1,,0,,0
2023-09-06 07:00:00,carimbo da API ANA agrupado por hora; fuso ainda não fechado,,0,,0,,0,0.0,4,3292.2075,4,1162.75,4,0.0,4,,0,,0,0.0,1,,0,,0
2023-09-06 08:00:00,carimbo da API ANA agrupado por hora; fuso ainda não fechado,,0,,0,,0,0.0,4,3231.07,4,1151.25,4,0.0,4,,0,,0,0.0,1,,0,,0
2023-09-06 09:00:00,carimbo da API ANA agrupado por hora; fuso ainda não fechado,,0,,0,,0,0.0,4,3205.975,4,1146.5,4,0.0,4,,0,,0,0.0,1,,0,,0
2023-09-06 10:00:00,carimbo da API ANA agrupado por hora; fuso ainda não fechado,,0,,0,,0,0.0,4,3079.0025,4,1122.25,4,0.0,4,,0,,0,0.0,1,,0,,0
2023-09-06 11:00:00,carimbo da API ANA agrupado por hora; fuso ainda não fechado,,0,,0,,0,0.0,4,2941.19,4,1095.5,4,0.0,4,,0,,0,0.0,1,,0,,0
2023-09-06 12:00:00,carimbo da API ANA agrupado por hora; fuso ainda não fechado,,0,,0,,0,0.0,4,2752.0875,4,1058.0,4,0.0,4,,0,,0,0.0,1,,0,,0
2023-09-06 13:00:00,carimbo da API ANA agrupado por hora; fuso ainda não fechado,,0,,0,,0,0.0,4,2607.7075,4,1028.75,4,0.0,4,,0,,0,0.0,1,,0,,0
2023-09-06 14:00:00,carimbo da API ANA agrupado por hora; fuso ainda não fechado,,0,,0,,0,0.0,4,2531.2825,4,1013.0,4,0.0,4,,0,,0,0.0,1,,0,,0
2023-09-06 15:00:00,carimbo da API ANA agrupado por hora; fuso ainda não fechado,,0,,0,,0,0.0,4,2335.74,4,971.75,4,0.0,4,,0,,0,0.0,1,,0,,0
2023-09-06 16:00:00,carimbo da API ANA agrupado por hora; fuso ainda não fechado,,0,,0,,0,0.0,4,2095.905,4,919.5,4,0.0,4,,0,,0,0.0,1,,0,,0
2023-09-06 17:00:00,carimbo da API ANA agrupado por hora; fuso ainda não fechado,,0,,0,,0,0.0,4,2014.5,4,901.25,4,0.0,4,,0,,0,0.0,1,,0,,0
2023-09-06 18:00:00,carimbo da API ANA agrupado por hora; fuso ainda não fechado,,0,,0,,0,0.0,4,1981.43,4,893.75,4,0.0,4,,0,,0,0.0,1,,0,,0
2023-09-06 19:00:00,carimbo da API ANA agrupado por hora; fuso ainda não fechado,,0,,0,,0,0.0,4,1981.425,4,893.75,4,0.0,4,,0,,0,0.0,1,,0,,0
2023-09-06 20:00:00,carimbo da API ANA agrupado por hora; fuso ainda não fechado,,0,,0,,0,0.0,4,1974.8425,4,892.25,4,0.0,4,,0,,0,0.0,1,,0,,0
2023-09-06 21:00:00,carimbo da API ANA agrupado por hora; fuso ainda não fechado,,0,,0,,0,0.0,4,1954.045,4,887.5,4,0.0,4,,0,,0,0.0,1,,0,,0
2023-09-06 22:00:00,carimbo da API ANA agrupado por hora; fuso ainda não fechado,,0,,0,,0,0.0,4,1917.04,4,879.0,4,0.0,4,,0,,0,0.0,1,,0,,0
2023-09-06 23:00:00,carimbo da API ANA agrupado por hora; fuso ainda não fechado,,0,,0,,0,0.0,4,1884.605,4,871.5,4,0.0,4,,0,,0,0.0,1,,0,,0
2023-09-07 00:00:00,carimbo da API ANA agrupado por hora; fuso ainda não fechado,,0,,0,,0,0.0,4,1841.705,4,861.5,4,0.0,4,,0,,0,0.0,1,,0,,0
2023-09-07 01:00:00,carimbo da API ANA agrupado por hora; fuso ainda não fechado,,0,,0,,0,0.0,4,1781.23,4,847.25,4,0.0,4,,0,,0,0.0,1,,0,,0
2023-09-07 02:00:00,carimbo da API ANA agrupado por hora; fuso ainda não fechado,,0,,0,,0,0.0,4,1741.3225,4,837.75,4,0.0,4,,0,,0,0.0,1,,0,,0
2023-09-07 03:00:00,carimbo da API ANA agrupado por hora; fuso ainda não fechado,,0,,0,,0,0.0,4,1703.835,4,828.75,4,0.0,4,,0,,0,0.0,1,,0,,0
2023-09-07 04:00:00,carimbo da API ANA agrupado por hora; fuso ainda não fechado,,0,,0,,0,0.0,4,1654.335,4,816.75,4,0.0,4,,0,,0,0.0,1,,0,,0
2023-09-07 05:00:00,carimbo da API ANA agrupado por hora; fuso ainda não fechado,,0,,0,,0,0.0,4,1614.5475,4,807.0,4,0.0,4,,0,,0,0.0,1,,0,,0
2023-09-07 06:00:00,carimbo da API ANA agrupado por hora; fuso ainda não fechado,,0,,0,,0,0.0,4,1567.0925,4,795.25,4,0.0,4,,0,,0,0.0,1,,0,,0
2023-09-07 07:00:00,carimbo da API ANA agrupado por hora; fuso ainda não fechado,,0,,0,,0,0.0,4,1500.3825,4,778.5,4,0.0,4,,0,,0,0.0,1,,0,,0
2023-09-07 08:00:00,carimbo da API ANA agrupado por hora; fuso ainda não fechado,,0,,0,,0,0.0,4,1449.3375,4,765.5,4,0.0,4,,0,,0,0.0,1,,0,,0
2023-09-07 09:00:00,carimbo da API ANA agrupado por hora; fuso ainda não fechado,,0,,0,,0,0.0,4,1420.195,4,758.0,4,0.0,4,,0,,0,0.0,1,,0,,0
2023-09-07 10:00:00,carimbo da API ANA agrupado por hora; fuso ainda não fechado,,0,,0,,0,0.0,4,1403.79,4,753.75,4,0.0,4,,0,,0,0.0,1,,0,,0
2023-09-07 11:00:00,carimbo da API ANA agrupado por hora; fuso ainda não fechado,,0,,0,,0,0.0,4,1375.02,4,746.25,4,0.0,4,,0,,0,0.0,1,,0,,0
2023-09-07 12:00:00,carimbo da API ANA agrupado por hora; fuso ainda não fechado,,0,,0,,0,0.0,4,1357.87,4,741.75,4,0.0,4,,0,,0,0.0,1,,0,,0
2023-09-07 13:00:00,carimbo da API ANA agrupado por hora; fuso ainda não fechado,,0,,0,,0,0.0,4,1328.5275,4,734.0,4,0.0,4,,0,,0,0.0,1,,0,,0
2023-09-07 14:00:00,carimbo da API ANA agrupado por hora; fuso ainda não fechado,,0,,0,,0,0.0,4,1306.905,4,728.25,4,0.0,4,,0,,0,0.0,1,,0,,0
2023-09-07 15:00:00,carimbo da API ANA agrupado por hora; fuso ainda não fechado,,0,,0,,0,0.0,4,1277.0625,4,720.25,4,0.0,4,,0,,0,0.0,1,,0,,0
2023-09-07 16:00:00,carimbo da API ANA agrupado por hora; fuso ainda não fechado,,0,,0,,0,0.0,4,1257.6175,4,715.0,4,0.0,4,,0,,0,0.0,1,,0,,0
2023-09-07 17:00:00,carimbo da API ANA agrupado por hora; fuso ainda não fechado,,0,,0,,0,0.0,4,1230.03,4,707.5,4,0.0,4,,0,,0,0.0,1,,0,,0
2023-09-07 18:00:00,carimbo da API ANA agrupado por hora; fuso ainda não fechado,,0,,0,,0,0.0,4,1212.685,4,702.75,4,0.0,4,,0,,0,0.0,1,,0,,0
2023-09-07 19:00:00,carimbo da API ANA agrupado por hora; fuso ainda não fechado,,0,,0,,0,0.0,4,1189.1,4,696.25,4,0.0,4,,0,,0,0.0,1,,0,,0
2023-09-07 20:00:00,carimbo da API ANA agrupado por hora; fuso ainda não fechado,,0,,0,,0,0.0,4,1168.385,4,690.5,4,0.0,4,,0,,0,0.0,1,,0,,0
2023-09-07 21:00:00,carimbo da API ANA agrupado por hora; fuso ainda não fechado,,0,,0,,0,0.0,4,1146.9175,4,684.5,4,0.0,4,,0,,0,0.0,1,,0,,0
2023-09-07 22:00:00,carimbo da API ANA agrupado por hora; fuso ainda não fechado,,0,,0,,0,0.2,4,1130.0275,4,679.75,4,0.4,4,,0,,0,0.0,1,,0,,0
2023-09-07 23:00:00,carimbo da API ANA agrupado por hora; fuso ainda não fechado,,0,,0,,0,3.8,4,1111.4725,4,674.5,4,6.0,4,,0,,0,0.2,1,,0,,0
2023-09-08 00:00:00,carimbo da API ANA agrupado por hora; fuso ainda não fechado,,0,,0,,0,1.6,4,1095.665,4,670.0,4,4.4,4,,0,,0,0.2,1,,0,,0
2023-09-08 01:00:00,carimbo da API ANA agrupado por hora; fuso ainda não fechado,,0,,0,,0,6.6,4,1081.6825,4,666.0,4,8.2,4,,0,,0,1.4,1,,0,,0
2023-09-08 02:00:00,carimbo da API ANA agrupado por hora; fuso ainda não fechado,,0,,0,,0,3.6,4,1072.115,4,663.25,4,4.4,4,,0,,0,16.6,1,,0,,0
2023-09-08 03:00:00,carimbo da API ANA agrupado por hora; fuso ainda não fechado,,0,,0,,0,6.0,4,1060.8425,4,660.0,4,7.2,4,,0,,0,11.8,1,,0,,0
2023-09-08 04:00:00,carimbo da API ANA agrupado por hora; fuso ainda não fechado,,0,,0,,0,5.4,4,1050.48,4,657.0,4,6.8,4,,0,,0,5.0,1,,0,,0
2023-09-08 05:00:00,carimbo da API ANA agrupado por hora; fuso ainda não fechado,,0,,0,,0,2.4,4,1056.5325,4,658.75,4,3.8,4,,0,,0,2.4,1,,0,,0
2023-09-08 06:00:00,carimbo da API ANA agrupado por hora; fuso ainda não fechado,,0,,0,,0,0.2,4,1081.6925,4,666.0,4,0.6,4,,0,,0,5.0,1,,0,,0
2023-09-08 07:00:00,carimbo da API ANA agrupado por hora; fuso ainda não fechado,,0,,0,,0,0.0,4,1113.2425,4,675.0,4,0.0,4,,0,,0,2.2,1,,0,,0
2023-09-08 08:00:00,carimbo da API ANA agrupado por hora; fuso ainda não fechado,,0,,0,,0,0.0,4,1150.495,4,685.5,4,0.0,4,,0,,0,1.6,1,,0,,0
2023-09-08 09:00:00,carimbo da API ANA agrupado por hora; fuso ainda não fechado,,0,,0,,0,0.0,4,1210.005,4,702.0,4,0.0,4,,0,,0,0.6,1,,0,,0
2023-09-08 10:00:00,carimbo da API ANA agrupado por hora; fuso ainda não fechado,,0,,0,,0,0.0,4,1278.955,4,720.75,4,0.0,4,,0,,0,0.6,1,,0,,0
2023-09-08 11:00:00,carimbo da API ANA agrupado por hora; fuso ainda não fechado,,0,,0,,0,0.0,4,1353.2,4,740.5,4,0.0,4,,0,,0,1.0,1,,0,,0
2023-09-08 12:00:00,carimbo da API ANA agrupado por hora; fuso ainda não fechado,,0,,0,,0,0.0,4,1430.9025,4,760.75,4,0.0,4,,0,,0,0.0,1,,0,,0
2023-09-08 13:00:00,carimbo da API ANA agrupado por hora; fuso ainda não fechado,,0,,0,,0,0.0,4,1500.4075,4,778.5,4,0.0,4,,0,,0,0.0,1,,0,,0
2023-09-08 14:00:00,carimbo da API ANA agrupado por hora; fuso ainda não fechado,,0,,0,,0,0.0,4,1545.0575,4,789.75,4,0.0,4,,0,,0,0.0,1,,0,,0
2023-09-08 15:00:00,carimbo da API ANA agrupado por hora; fuso ainda não fechado,,0,,0,,0,0.0,4,1581.1625,4,798.75,4,0.0,4,,0,,0,0.0,1,,0,,0
2023-09-08 16:00:00,carimbo da API ANA agrupado por hora; fuso ainda não fechado,,0,,0,,0,0.0,4,1619.635,4,808.25,4,0.0,4,,0,,0,0.0,1,,0,,0
2023-09-08 17:00:00,carimbo da API ANA agrupado por hora; fuso ainda não fechado,,0,,0,,0,0.0,4,1664.6125,4,819.25,4,0.0,4,,0,,0,0.0,1,,0,,0
2023-09-08 18:00:00,carimbo da API ANA agrupado por hora; fuso ainda não fechado,,0,,0,,0,0.0,4,1709.0175,4,830.0,4,0.0,4,,0,,0,0.0,1,,0,,0
2023-09-08 19:00:00,carimbo da API ANA agrupado por hora; fuso ainda não fechado,,0,,0,,0,0.0,4,1741.295,4,837.75,4,0.0,4,,0,,0,0.0,1,,0,,0
2023-09-08 20:00:00,carimbo da API ANA agrupado por hora; fuso ainda não fechado,,0,,0,,0,0.0,4,1754.905,4,841.0,4,0.0,4,,0,,0,0.0,1,,0,,0
2023-09-08 21:00:00,carimbo da API ANA agrupado por hora; fuso ainda não fechado,,0,,0,,0,0.0,4,1769.605,4,844.5,4,0.0,4,,0,,0,0.0,1,,0,,0
2023-09-08 22:00:00,carimbo da API ANA agrupado por hora; fuso ainda não fechado,,0,,0,,0,0.0,4,1764.35,4,843.25,4,0.0,4,,0,,0,0.0,1,,0,,0
2023-09-08 23:00:00,carimbo da API ANA agrupado por hora; fuso ainda não fechado,,0,,0,,0,0.0,4,1760.15,4,842.25,4,0.0,4,,0,,0,0.0,1,,0,,0
2023-09-09 00:00:00,carimbo da API ANA agrupado por hora; fuso ainda não fechado,,0,,0,,0,0.0,4,1735.035,4,836.25,4,0.0,4,,0,,0,0.0,1,,0,,0
2023-09-09 01:00:00,carimbo da API ANA agrupado por hora; fuso ainda não fechado,,0,,0,,0,0.0,4,1715.245,4,831.5,4,0.0,4,,0,,0,0.0,1,,0,,0
2023-09-09 02:00:00,carimbo da API ANA agrupado por hora; fuso ainda não fechado,,0,,0,,0,0.0,4,1683.135,4,823.75,4,0.0,4,,0,,0,0.0,1,,0,,0
2023-09-09 03:00:00,carimbo da API ANA agrupado por hora; fuso ainda não fechado,,0,,0,,0,0.0,4,1656.3925,4,817.25,4,0.0,4,,0,,0,0.0,1,,0,,0
2023-09-09 04:00:00,carimbo da API ANA agrupado por hora; fuso ainda não fechado,,0,,0,,0,0.0,4,1627.77,4,810.25,4,0.0,4,,0,,0,0.0,1,,0,,0
2023-09-09 05:00:00,carimbo da API ANA agrupado por hora; fuso ainda não fechado,,0,,0,,0,0.0,4,1603.3875,4,804.25,4,0.0,4,,0,,0,0.0,1,,0,,0
2023-09-09 06:00:00,carimbo da API ANA agrupado por hora; fuso ainda não fechado,,0,,0,,0,1.2,4,1573.0975,4,796.75,4,4.4,4,,0,,0,0.0,1,,0,,0
2023-09-09 07:00:00,carimbo da API ANA agrupado por hora; fuso ainda não fechado,,0,,0,,0,4.6,4,1549.04,4,790.75,4,14.0,4,,0,,0,1.0,1,,0,,0
2023-09-09 08:00:00,carimbo da API ANA agrupado por hora; fuso ainda não fechado,,0,,0,,0,0.6,4,1522.1325,4,784.0,4,1.8,4,,0,,0,5.2,1,,0,,0
2023-09-09 09:00:00,carimbo da API ANA agrupado por hora; fuso ainda não fechado,,0,,0,,0,0.0,4,1504.3,4,779.5,4,0.4,4,,0,,0,2.2,1,,0,,0
2023-09-09 10:00:00,carimbo da API ANA agrupado por hora; fuso ainda não fechado,,0,,0,,0,0.0,4,1483.5875,4,774.25,4,0.0,4,,0,,0,0.2,1,,0,,0
2023-09-09 11:00:00,carimbo da API ANA agrupado por hora; fuso ainda não fechado,,0,,0,,0,0.0,4,1478.6725,4,773.0,4,0.0,4,,0,,0,0.0,1,,0,,0
2023-09-09 12:00:00,carimbo da API ANA agrupado por hora; fuso ainda não fechado,,0,,0,,0,0.0,4,1474.7475,4,772.0,4,0.6,4,,0,,0,0.2,1,,0,,0
2023-09-09 13:00:00,carimbo da API ANA agrupado por hora; fuso ainda não fechado,,0,,0,,0,0.0,3,1466.903333,3,770.0,3,0.0,4,,0,,0,0.0,1,,0,,0
2023-09-09 14:00:00,carimbo da API ANA agrupado por hora; fuso ainda não fechado,,0,,0,,0,0.0,3,1460.0575,4,768.25,4,0.0,4,,0,,0,0.2,1,,0,,0
2023-09-09 15:00:00,carimbo da API ANA agrupado por hora; fuso ainda não fechado,,0,,0,,0,0.0,4,1454.195,4,766.75,4,0.0,4,,0,,0,0.0,1,,0,,0
2023-09-09 16:00:00,carimbo da API ANA agrupado por hora; fuso ainda não fechado,,0,,0,,0,0.0,4,1450.295,4,765.75,4,0.0,4,,0,,0,0.2,1,,0,,0
2023-09-09 17:00:00,carimbo da API ANA agrupado por hora; fuso ainda não fechado,,0,,0,,0,0.0,4,1442.5075,4,763.75,4,0.0,4,,0,,0,0.0,1,,0,,0
2023-09-09 18:00:00,carimbo da API ANA agrupado por hora; fuso ainda não fechado,,0,,0,,0,0.0,4,1438.6175,4,762.75,4,0.0,4,,0,,0,0.0,1,,0,,0
2023-09-09 19:00:00,carimbo da API ANA agrupado por hora; fuso ainda não fechado,,0,,0,,0,0.0,4,1429.88,4,760.5,4,0.0,4,,0,,0,0.0,1,,0,,0
2023-09-09 20:00:00,carimbo da API ANA agrupado por hora; fuso ainda não fechado,,0,,0,,0,0.0,4,1418.2575,4,757.5,4,0.0,4,,0,,0,0.0,1,,0,,0
2023-09-09 21:00:00,carimbo da API ANA agrupado por hora; fuso ainda não fechado,,0,,0,,0,0.0,4,1408.6075,4,755.0,4,0.0,4,,0,,0,0.0,1,,0,,0
2023-09-09 22:00:00,carimbo da API ANA agrupado por hora; fuso ainda não fechado,,0,,0,,0,0.0,4,1399.94,4,752.75,4,0.0,4,,0,,0,0.0,1,,0,,0
2023-09-09 23:00:00,carimbo da API ANA agrupado por hora; fuso ainda não fechado,,0,,0,,0,0.0,4,1395.135,4,751.5,4,0.0,4,,0,,0,0.0,1,,0,,0
2023-09-10 00:00:00,carimbo da API ANA agrupado por hora; fuso ainda não fechado,,0,,0,,0,0.0,4,1379.795,4,747.5,4,0.0,4,,0,,0,0.0,1,,0,,0
2023-09-10 01:00:00,carimbo da API ANA agrupado por hora; fuso ainda não fechado,,0,,0,,0,0.0,4,1373.11,4,745.75,4,0.0,4,,0,,0,0.0,1,,0,,0
2023-09-10 02:00:00,carimbo da API ANA agrupado por hora; fuso ainda não fechado,,0,,0,,0,0.0,4,1362.6225,4,743.0,4,0.0,4,,0,,0,0.0,1,,0,,0
2023-09-10 03:00:00,carimbo da API ANA agrupado por hora; fuso ainda não fechado,,0,,0,,0,0.0,4,1353.1225,4,740.5,4,0.0,4,,0,,0,0.0,1,,0,,0
2023-09-10 04:00:00,carimbo da API ANA agrupado por hora; fuso ainda não fechado,,0,,0,,0,0.0,4,1336.0725,4,736.0,4,0.2,4,,0,,0,0.0,1,,0,,0
2023-09-10 05:00:00,carimbo da API ANA agrupado por hora; fuso ainda não fechado,,0,,0,,0,0.0,4,1321.9275,4,732.25,4,0.0,4,,0,,0,0.0,1,,0,,0
2023-09-10 06:00:00,carimbo da API ANA agrupado por hora; fuso ainda não fechado,,0,,0,,0,0.0,4,1305.03,4,727.75,4,0.0,4,,0,,0,0.0,1,,0,,0
2023-09-10 07:00:00,carimbo da API ANA agrupado por hora; fuso ainda não fechado,,0,,0,,0,0.0,4,1207.865,4,701.25,4,0.0,4,,0,,0,0.0,1,,0,,0
2023-09-10 08:00:00,carimbo da API ANA agrupado por hora; fuso ainda não fechado,,0,,0,,0,0.0,4,1062.62,4,660.5,4,0.0,4,,0,,0,0.0,1,,0,,0
2023-09-10 09:00:00,carimbo da API ANA agrupado por hora; fuso ainda não fechado,,0,,0,,0,0.0,4,1015.395,4,646.75,4,0.0,4,,0,,0,0.0,1,,0,,0
2023-09-10 10:00:00,carimbo da API ANA agrupado por hora; fuso ainda não fechado,,0,,0,,0,0.0,4,983.245,4,637.25,4,0.0,4,,0,,0,0.0,1,,0,,0
2023-09-10 11:00:00,carimbo da API ANA agrupado por hora; fuso ainda não fechado,,0,,0,,0,0.0,4,972.33,4,634.0,4,0.0,4,,0,,0,0.0,1,,0,,0
2023-09-10 12:00:00,carimbo da API ANA agrupado por hora; fuso ainda não fechado,,0,,0,,0,0.0,4,981.56,4,636.75,4,0.0,4,,0,,0,0.0,1,,0,,0
2023-09-10 13:00:00,carimbo da API ANA agrupado por hora; fuso ainda não fechado,,0,,0,,0,0.0,4,1006.905,4,644.25,4,0.0,4,,0,,0,0.0,1,,0,,0
2023-09-10 14:00:00,carimbo da API ANA agrupado por hora; fuso ainda não fechado,,0,,0,,0,0.0,4,1050.51,4,657.0,4,0.0,4,,0,,0,0.0,1,,0,,0
2023-09-10 15:00:00,carimbo da API ANA agrupado por hora; fuso ainda não fechado,,0,,0,,0,0.0,4,1103.585,4,672.25,4,0.0,4,,0,,0,0.0,1,,0,,0
2023-09-10 16:00:00,carimbo da API ANA agrupado por hora; fuso ainda não fechado,,0,,0,,0,0.0,4,1188.7575,4,696.0,4,0.0,4,,0,,0,0.0,1,,0,,0
2023-09-10 17:00:00,carimbo da API ANA agrupado por hora; fuso ainda não fechado,,0,,0,,0,0.0,4,1352.2175,4,740.25,4,0.0,4,,0,,0,0.0,1,,0,,0
2023-09-10 18:00:00,carimbo da API ANA agrupado por hora; fuso ainda não fechado,,0,,0,,0,0.0,4,1375.0175,4,746.25,4,0.0,4,,0,,0,0.0,1,,0,,0
2023-09-10 19:00:00,carimbo da API ANA agrupado por hora; fuso ainda não fechado,,0,,0,,0,0.0,4,1374.065,4,746.0,4,0.0,4,,0,,0,0.0,1,,0,,0
2023-09-10 20:00:00,carimbo da API ANA agrupado por hora; fuso ainda não fechado,,0,,0,,0,0.0,4,1329.5125,4,734.25,4,0.0,4,,0,,0,0.0,1,,0,,0
2023-09-10 21:00:00,carimbo da API ANA agrupado por hora; fuso ainda não fechado,,0,,0,,0,0.0,4,1253.9925,4,714.0,4,0.0,4,,0,,0,0.0,1,,0,,0
2023-09-10 22:00:00,carimbo da API ANA agrupado por hora; fuso ainda não fechado,,0,,0,,0,0.0,4,1177.4225,4,693.0,4,0.0,4,,0,,0,0.0,1,,0,,0
2023-09-10 23:00:00,carimbo da API ANA agrupado por hora; fuso ainda não fechado,,0,,0,,0,0.0,4,1123.85,4,678.0,4,0.0,4,,0,,0,0.0,1,,0,,0
