station,timestamp_label,rain_mm,raw_record_count
86472600,2024-06-16 00:00:00,0.400000,4
86472600,2024-06-16 01:00:00,2.800000,4
86472600,2024-06-16 02:00:00,3.600000,4
86472600,2024-06-16 03:00:00,1.800000,4
86472600,2024-06-16 04:00:00,3.800000,4
86472600,2024-06-16 05:00:00,0.600000,4
86472600,2024-06-16 06:00:00,1.400000,4
86472600,2024-06-16 07:00:00,4.400000,4
86472600,2024-06-16 08:00:00,8.600000,4
86472600,2024-06-16 09:00:00,4.800000,4
86472600,2024-06-16 10:00:00,5.200000,4
86472600,2024-06-16 11:00:00,6.400000,4
86472600,2024-06-16 12:00:00,6.400000,4
86472600,2024-06-16 13:00:00,21.000000,4
86472600,2024-06-16 14:00:00,17.400000,4
86472600,2024-06-16 15:00:00,10.600000,4
86472600,2024-06-16 16:00:00,14.800000,4
86472600,2024-06-16 17:00:00,5.200000,4
86472600,2024-06-16 18:00:00,0.400000,4
86472600,2024-06-16 19:00:00,0.000000,4
86472600,2024-06-16 20:00:00,2.200000,4
86472600,2024-06-16 21:00:00,0.800000,4
86472600,2024-06-16 22:00:00,0.400000,4
86472600,2024-06-16 23:00:00,1.400000,4
86472600,2024-06-17 00:00:00,2.000000,4
86472600,2024-06-17 01:00:00,0.800000,4
86472600,2024-06-17 02:00:00,0.400000,4
86472600,2024-06-17 03:00:00,0.000000,4
86472600,2024-06-17 04:00:00,0.000000,4
86472600,2024-06-17 05:00:00,0.000000,4
86472600,2024-06-17 06:00:00,0.000000,4
86472600,2024-06-17 07:00:00,0.000000,4
86472600,2024-06-17 08:00:00,0.000000,4
86472600,2024-06-17 09:00:00,0.000000,4
86472600,2024-06-17 10:00:00,0.000000,4
86472600,2024-06-17 11:00:00,0.000000,4
86472600,2024-06-17 12:00:00,0.000000,4
86472600,2024-06-17 13:00:00,0.000000,4
86472600,2024-06-17 14:00:00,0.000000,4
86472600,2024-06-17 15:00:00,0.000000,4
86472600,2024-06-17 16:00:00,0.000000,4
86472600,2024-06-17 17:00:00,0.000000,4
86472600,2024-06-17 18:00:00,0.200000,4
86472600,2024-06-17 19:00:00,0.000000,4
86472600,2024-06-17 20:00:00,0.000000,4
86472600,2024-06-17 21:00:00,0.000000,4
86472600,2024-06-17 22:00:00,1.200000,4
86472600,2024-06-17 23:00:00,0.000000,4
86472600,2024-06-18 00:00:00,0.600000,4
86472600,2024-06-18 01:00:00,2.200000,4
86472600,2024-06-18 02:00:00,2.000000,4
86472600,2024-06-18 03:00:00,1.200000,4
86472600,2024-06-18 04:00:00,0.000000,4
86472600,2024-06-18 05:00:00,0.000000,4
86472600,2024-06-18 06:00:00,0.000000,4
86472600,2024-06-18 07:00:00,0.000000,4
86472600,2024-06-18 08:00:00,0.000000,4
86472600,2024-06-18 09:00:00,0.000000,4
86472600,2024-06-18 10:00:00,0.000000,4
86472600,2024-06-18 11:00:00,0.000000,4
86472600,2024-06-18 12:00:00,0.000000,4
86472600,2024-06-18 13:00:00,0.000000,4
86472600,2024-06-18 14:00:00,0.000000,4
86472600,2024-06-18 15:00:00,0.000000,4
86472600,2024-06-18 16:00:00,0.800000,4
86472600,2024-06-18 17:00:00,0.000000,4
86472600,2024-06-18 18:00:00,0.000000,4
86472600,2024-06-18 19:00:00,0.000000,4
86472600,2024-06-18 20:00:00,0.000000,4
86472600,2024-06-18 21:00:00,0.000000,4
86472600,2024-06-18 22:00:00,2.600000,4
86472600,2024-06-18 23:00:00,0.200000,4
86472600,2024-06-19 00:00:00,2.200000,4
86472600,2024-06-19 01:00:00,5.200000,4
86472600,2024-06-19 02:00:00,0.600000,4
86472600,2024-06-19 03:00:00,4.000000,4
86472600,2024-06-19 04:00:00,0.600000,4
86472600,2024-06-19 05:00:00,0.000000,4
86472600,2024-06-19 06:00:00,0.800000,4
86472600,2024-06-19 07:00:00,7.800000,4
86472600,2024-06-19 08:00:00,0.600000,4
86472600,2024-06-19 09:00:00,0.800000,4
86472600,2024-06-19 10:00:00,0.000000,4
86472600,2024-06-19 11:00:00,0.200000,4
86472600,2024-06-19 12:00:00,0.800000,4
86472600,2024-06-19 13:00:00,5.200000,4
86472600,2024-06-19 14:00:00,2.600000,4
86472600,2024-06-19 15:00:00,0.800000,4
86472600,2024-06-19 16:00:00,0.000000,4
86472600,2024-06-19 17:00:00,0.200000,4
86472600,2024-06-19 18:00:00,1.600000,4
86472600,2024-06-19 19:00:00,1.400000,4
86472600,2024-06-19 20:00:00,0.400000,4
86472600,2024-06-19 21:00:00,0.200000,4
86472600,2024-06-19 22:00:00,0.000000,4
86472600,2024-06-19 23:00:00,0.000000,4
86472600,2024-06-20 00:00:00,0.000000,4
86472600,2024-06-20 01:00:00,0.000000,4
86472600,2024-06-20 02:00:00,0.000000,4
86472600,2024-06-20 03:00:00,0.000000,4
86472600,2024-06-20 04:00:00,0.200000,4
86472600,2024-06-20 05:00:00,3.800000,4
86472600,2024-06-20 06:00:00,0.600000,4
86472600,2024-06-20 07:00:00,0.000000,4
86472600,2024-06-20 08:00:00,0.000000,4
86472600,2024-06-20 09:00:00,0.000000,4
86472600,2024-06-20 10:00:00,0.000000,4
86472600,2024-06-20 11:00:00,0.000000,4
86472600,2024-06-20 12:00:00,0.000000,4
86472600,2024-06-20 13:00:00,0.000000,4
86472600,2024-06-20 14:00:00,0.000000,4
86472600,2024-06-20 15:00:00,0.000000,4
86472600,2024-06-20 16:00:00,0.000000,4
86472600,2024-06-20 17:00:00,0.000000,4
86472600,2024-06-20 18:00:00,0.000000,4
86472600,2024-06-20 19:00:00,0.000000,4
86472600,2024-06-20 20:00:00,0.000000,4
86472600,2024-06-20 21:00:00,0.000000,4
86472600,2024-06-20 22:00:00,0.000000,4
86472600,2024-06-20 23:00:00,0.000000,4
86472600,2024-06-21 00:00:00,0.000000,4
86472600,2024-06-21 01:00:00,0.000000,4
86472600,2024-06-21 02:00:00,0.000000,4
86472600,2024-06-21 03:00:00,0.600000,4
86472600,2024-06-21 04:00:00,7.400000,4
86472600,2024-06-21 05:00:00,6.400000,4
86472600,2024-06-21 06:00:00,5.800000,4
86472600,2024-06-21 07:00:00,6.200000,4
86472600,2024-06-21 08:00:00,0.200000,4
86472600,2024-06-21 09:00:00,4.400000,4
86472600,2024-06-21 10:00:00,0.600000,4
86472600,2024-06-21 11:00:00,0.000000,4
86472600,2024-06-21 12:00:00,0.400000,4
86472600,2024-06-21 13:00:00,3.400000,4
86472600,2024-06-21 14:00:00,0.000000,4
86472600,2024-06-21 15:00:00,0.000000,4
86472600,2024-06-21 16:00:00,0.000000,4
86472600,2024-06-21 17:00:00,0.000000,4
86472600,2024-06-21 18:00:00,0.000000,4
86472600,2024-06-21 19:00:00,0.000000,4
86472600,2024-06-21 20:00:00,0.000000,4
86472600,2024-06-21 21:00:00,0.000000,4
86472600,2024-06-21 22:00:00,0.000000,4
86472600,2024-06-21 23:00:00,0.000000,4
86472600,2024-06-22 00:00:00,0.000000,4
86472600,2024-06-22 01:00:00,0.000000,4
86472600,2024-06-22 02:00:00,0.000000,4
86472600,2024-06-22 03:00:00,0.000000,4
86472600,2024-06-22 04:00:00,0.000000,4
86472600,2024-06-22 05:00:00,0.000000,4
86472600,2024-06-22 06:00:00,0.000000,4
86472600,2024-06-22 07:00:00,0.000000,4
86472600,2024-06-22 08:00:00,0.200000,4
86472600,2024-06-22 09:00:00,0.000000,4
86472600,2024-06-22 10:00:00,0.000000,4
86472600,2024-06-22 11:00:00,0.000000,4
86472600,2024-06-22 12:00:00,0.000000,4
86472600,2024-06-22 13:00:00,0.000000,4
86472600,2024-06-22 14:00:00,0.000000,4
86472600,2024-06-22 15:00:00,0.000000,4
86472600,2024-06-22 16:00:00,0.000000,4
86472600,2024-06-22 17:00:00,0.000000,4
86472600,2024-06-22 18:00:00,0.000000,4
86472600,2024-06-22 19:00:00,0.000000,4
86472600,2024-06-22 20:00:00,0.000000,4
86472600,2024-06-22 21:00:00,0.000000,4
86472600,2024-06-22 22:00:00,0.000000,4
86472600,2024-06-22 23:00:00,0.000000,4
86472600,2024-06-23 00:00:00,0.000000,4
86472600,2024-06-23 01:00:00,0.000000,4
86472600,2024-06-23 02:00:00,0.000000,4
86472600,2024-06-23 03:00:00,0.000000,4
86472600,2024-06-23 04:00:00,0.000000,4
86472600,2024-06-23 05:00:00,0.000000,4
86472600,2024-06-23 06:00:00,0.000000,4
86472600,2024-06-23 07:00:00,0.000000,4
86472600,2024-06-23 08:00:00,0.000000,4
86472600,2024-06-23 09:00:00,0.000000,4
86472600,2024-06-23 10:00:00,0.000000,4
86472600,2024-06-23 11:00:00,0.000000,4
86472600,2024-06-23 12:00:00,0.000000,4
86472600,2024-06-23 13:00:00,0.000000,4
86472600,2024-06-23 14:00:00,0.000000,4
86472600,2024-06-23 15:00:00,0.000000,4
86472600,2024-06-23 16:00:00,0.000000,4
86472600,2024-06-23 17:00:00,0.000000,4
86472600,2024-06-23 18:00:00,0.000000,4
86472600,2024-06-23 19:00:00,4.000000,4
86472600,2024-06-23 20:00:00,26.800000,4
86472600,2024-06-23 21:00:00,0.200000,4
86472600,2024-06-23 22:00:00,0.000000,4
86472600,2024-06-23 23:00:00,5.600000,4
86472600,2024-06-24 00:00:00,0.000000,4
86472600,2024-06-24 01:00:00,0.000000,4
86472600,2024-06-24 02:00:00,1.000000,4
86472600,2024-06-24 03:00:00,0.800000,4
86472600,2024-06-24 04:00:00,0.000000,4
86472600,2024-06-24 05:00:00,0.000000,4
86472600,2024-06-24 06:00:00,0.000000,4
86472600,2024-06-24 07:00:00,0.000000,4
86472600,2024-06-24 08:00:00,0.600000,4
86472600,2024-06-24 09:00:00,2.600000,4
86472600,2024-06-24 10:00:00,1.000000,4
86472600,2024-06-24 11:00:00,0.000000,4
86472600,2024-06-24 12:00:00,1.600000,4
86472600,2024-06-24 13:00:00,0.000000,4
86472600,2024-06-24 14:00:00,0.600000,4
86472600,2024-06-24 15:00:00,0.000000,4
86472600,2024-06-24 16:00:00,0.000000,4
86472600,2024-06-24 17:00:00,0.000000,4
86472600,2024-06-24 18:00:00,0.000000,4
86472600,2024-06-24 19:00:00,0.000000,4
86472600,2024-06-24 20:00:00,0.000000,4
86472600,2024-06-24 21:00:00,0.000000,4
86472600,2024-06-24 22:00:00,0.000000,4
86472600,2024-06-24 23:00:00,0.000000,4
86472600,2024-06-25 00:00:00,0.000000,4
86472600,2024-06-25 01:00:00,0.000000,4
86472600,2024-06-25 02:00:00,0.000000,4
86472600,2024-06-25 03:00:00,0.000000,4
86472600,2024-06-25 04:00:00,0.000000,4
86472600,2024-06-25 05:00:00,0.000000,4
86472600,2024-06-25 06:00:00,0.000000,4
86472600,2024-06-25 07:00:00,0.000000,4
86472600,2024-06-25 08:00:00,0.000000,4
86472600,2024-06-25 09:00:00,0.000000,4
86472600,2024-06-25 10:00:00,0.000000,4
86472600,2024-06-25 11:00:00,0.000000,4
86472600,2024-06-25 12:00:00,0.000000,4
86472600,2024-06-25 13:00:00,0.000000,4
86472600,2024-06-25 14:00:00,0.000000,4
86472600,2024-06-25 15:00:00,0.000000,4
86472600,2024-06-25 16:00:00,0.000000,4
86472600,2024-06-25 17:00:00,0.000000,4
86472600,2024-06-25 18:00:00,0.000000,4
86472600,2024-06-25 19:00:00,0.600000,4
86472600,2024-06-25 20:00:00,0.600000,4
86472600,2024-06-25 21:00:00,0.800000,4
86472600,2024-06-25 22:00:00,0.000000,4
86472600,2024-06-25 23:00:00,0.800000,4
86510000,2024-06-16 00:00:00,0.200000,4
86510000,2024-06-16 01:00:00,4.600000,4
86510000,2024-06-16 02:00:00,0.000000,4
86510000,2024-06-16 03:00:00,0.000000,4
86510000,2024-06-16 04:00:00,4.400000,4
86510000,2024-06-16 05:00:00,2.800000,4
86510000,2024-06-16 06:00:00,0.400000,4
86510000,2024-06-16 07:00:00,0.600000,4
86510000,2024-06-16 08:00:00,5.800000,4
86510000,2024-06-16 09:00:00,8.200000,4
86510000,2024-06-16 10:00:00,5.400000,4
86510000,2024-06-16 11:00:00,3.800000,4
86510000,2024-06-16 12:00:00,8.800000,4
86510000,2024-06-16 13:00:00,3.400000,4
86510000,2024-06-16 14:00:00,20.400000,4
86510000,2024-06-16 15:00:00,21.600000,4
86510000,2024-06-16 16:00:00,10.600000,4
86510000,2024-06-16 17:00:00,7.600000,4
86510000,2024-06-16 18:00:00,10.000000,4
86510000,2024-06-16 19:00:00,1.200000,4
86510000,2024-06-16 20:00:00,0.000000,4
86510000,2024-06-16 21:00:00,1.800000,4
86510000,2024-06-16 22:00:00,0.400000,4
86510000,2024-06-16 23:00:00,0.200000,4
86510000,2024-06-17 00:00:00,0.400000,4
86510000,2024-06-17 01:00:00,0.400000,4
86510000,2024-06-17 02:00:00,0.600000,4
86510000,2024-06-17 03:00:00,0.200000,4
86510000,2024-06-17 04:00:00,0.000000,4
86510000,2024-06-17 05:00:00,0.000000,4
86510000,2024-06-17 06:00:00,0.000000,4
86510000,2024-06-17 07:00:00,0.000000,4
86510000,2024-06-17 08:00:00,0.000000,4
86510000,2024-06-17 09:00:00,0.000000,4
86510000,2024-06-17 10:00:00,0.000000,4
86510000,2024-06-17 11:00:00,0.000000,4
86510000,2024-06-17 12:00:00,0.000000,4
86510000,2024-06-17 13:00:00,0.000000,4
86510000,2024-06-17 14:00:00,0.000000,4
86510000,2024-06-17 15:00:00,0.000000,4
86510000,2024-06-17 16:00:00,0.000000,4
86510000,2024-06-17 17:00:00,0.000000,4
86510000,2024-06-17 18:00:00,0.000000,4
86510000,2024-06-17 19:00:00,0.000000,4
86510000,2024-06-17 20:00:00,0.000000,4
86510000,2024-06-17 21:00:00,0.200000,4
86510000,2024-06-17 22:00:00,0.000000,4
86510000,2024-06-17 23:00:00,0.200000,4
86510000,2024-06-18 00:00:00,0.200000,4
86510000,2024-06-18 01:00:00,0.800000,4
86510000,2024-06-18 02:00:00,1.000000,4
86510000,2024-06-18 03:00:00,1.800000,4
86510000,2024-06-18 04:00:00,1.200000,4
86510000,2024-06-18 05:00:00,0.200000,4
86510000,2024-06-18 06:00:00,0.000000,4
86510000,2024-06-18 07:00:00,0.000000,4
86510000,2024-06-18 08:00:00,0.000000,4
86510000,2024-06-18 09:00:00,0.000000,4
86510000,2024-06-18 10:00:00,0.000000,4
86510000,2024-06-18 11:00:00,0.000000,4
86510000,2024-06-18 12:00:00,0.000000,4
86510000,2024-06-18 13:00:00,0.000000,4
86510000,2024-06-18 14:00:00,0.000000,4
86510000,2024-06-18 15:00:00,0.000000,4
86510000,2024-06-18 16:00:00,0.000000,4
86510000,2024-06-18 17:00:00,0.000000,4
86510000,2024-06-18 18:00:00,0.000000,4
86510000,2024-06-18 19:00:00,0.000000,4
86510000,2024-06-18 20:00:00,0.000000,4
86510000,2024-06-18 21:00:00,0.000000,4
86510000,2024-06-18 22:00:00,0.000000,4
86510000,2024-06-18 23:00:00,0.800000,4
86510000,2024-06-19 00:00:00,0.000000,4
86510000,2024-06-19 01:00:00,0.400000,4
86510000,2024-06-19 02:00:00,3.200000,4
86510000,2024-06-19 03:00:00,0.000000,4
86510000,2024-06-19 04:00:00,1.800000,4
86510000,2024-06-19 05:00:00,0.400000,4
86510000,2024-06-19 06:00:00,0.000000,4
86510000,2024-06-19 07:00:00,0.200000,4
86510000,2024-06-19 08:00:00,7.400000,4
86510000,2024-06-19 09:00:00,0.800000,4
86510000,2024-06-19 10:00:00,0.200000,4
86510000,2024-06-19 11:00:00,0.000000,4
86510000,2024-06-19 12:00:00,0.400000,4
86510000,2024-06-19 13:00:00,0.400000,4
86510000,2024-06-19 14:00:00,12.000000,4
86510000,2024-06-19 15:00:00,1.600000,4
86510000,2024-06-19 16:00:00,0.000000,4
86510000,2024-06-19 17:00:00,0.000000,4
86510000,2024-06-19 18:00:00,0.000000,4
86510000,2024-06-19 19:00:00,0.800000,4
86510000,2024-06-19 20:00:00,1.600000,4
86510000,2024-06-19 21:00:00,1.800000,4
86510000,2024-06-19 22:00:00,0.000000,4
86510000,2024-06-19 23:00:00,0.000000,4
86510000,2024-06-20 00:00:00,0.000000,4
86510000,2024-06-20 01:00:00,0.000000,4
86510000,2024-06-20 02:00:00,0.000000,4
86510000,2024-06-20 03:00:00,0.000000,4
86510000,2024-06-20 04:00:00,0.000000,4
86510000,2024-06-20 05:00:00,0.000000,4
86510000,2024-06-20 06:00:00,6.200000,4
86510000,2024-06-20 07:00:00,0.600000,4
86510000,2024-06-20 08:00:00,0.000000,4
86510000,2024-06-20 09:00:00,0.000000,4
86510000,2024-06-20 10:00:00,0.000000,4
86510000,2024-06-20 11:00:00,0.000000,4
86510000,2024-06-20 12:00:00,0.000000,4
86510000,2024-06-20 13:00:00,0.000000,4
86510000,2024-06-20 14:00:00,0.000000,4
86510000,2024-06-20 15:00:00,0.000000,4
86510000,2024-06-20 16:00:00,0.000000,4
86510000,2024-06-20 17:00:00,0.000000,4
86510000,2024-06-20 18:00:00,0.000000,4
86510000,2024-06-20 19:00:00,0.000000,4
86510000,2024-06-20 20:00:00,0.000000,4
86510000,2024-06-20 21:00:00,0.000000,4
86510000,2024-06-20 22:00:00,0.000000,4
86510000,2024-06-20 23:00:00,0.000000,4
86510000,2024-06-21 00:00:00,0.000000,4
86510000,2024-06-21 01:00:00,0.000000,4
86510000,2024-06-21 02:00:00,0.000000,4
86510000,2024-06-21 03:00:00,0.000000,4
86510000,2024-06-21 04:00:00,1.400000,4
86510000,2024-06-21 05:00:00,14.000000,4
86510000,2024-06-21 06:00:00,6.400000,4
86510000,2024-06-21 07:00:00,6.200000,4
86510000,2024-06-21 08:00:00,7.800000,4
86510000,2024-06-21 09:00:00,0.400000,4
86510000,2024-06-21 10:00:00,4.400000,4
86510000,2024-06-21 11:00:00,1.200000,4
86510000,2024-06-21 12:00:00,0.000000,4
86510000,2024-06-21 13:00:00,0.800000,4
86510000,2024-06-21 14:00:00,4.400000,4
86510000,2024-06-21 15:00:00,0.400000,4
86510000,2024-06-21 16:00:00,0.000000,4
86510000,2024-06-21 17:00:00,0.000000,4
86510000,2024-06-21 18:00:00,0.000000,4
86510000,2024-06-21 19:00:00,0.000000,4
86510000,2024-06-21 20:00:00,0.000000,4
86510000,2024-06-21 21:00:00,0.000000,4
86510000,2024-06-21 22:00:00,0.000000,4
86510000,2024-06-21 23:00:00,0.000000,4
86510000,2024-06-22 00:00:00,0.000000,4
86510000,2024-06-22 01:00:00,0.000000,4
86510000,2024-06-22 02:00:00,0.000000,4
86510000,2024-06-22 03:00:00,0.000000,4
86510000,2024-06-22 04:00:00,0.000000,4
86510000,2024-06-22 05:00:00,0.000000,4
86510000,2024-06-22 06:00:00,0.000000,4
86510000,2024-06-22 07:00:00,0.000000,4
86510000,2024-06-22 08:00:00,0.000000,4
86510000,2024-06-22 09:00:00,0.000000,4
86510000,2024-06-22 10:00:00,0.000000,4
86510000,2024-06-22 11:00:00,0.000000,4
86510000,2024-06-22 12:00:00,0.000000,4
86510000,2024-06-22 13:00:00,0.000000,4
86510000,2024-06-22 14:00:00,0.000000,4
86510000,2024-06-22 15:00:00,0.000000,4
86510000,2024-06-22 16:00:00,0.000000,4
86510000,2024-06-22 17:00:00,0.000000,4
86510000,2024-06-22 18:00:00,0.000000,4
86510000,2024-06-22 19:00:00,0.000000,4
86510000,2024-06-22 20:00:00,0.000000,4
86510000,2024-06-22 21:00:00,0.000000,4
86510000,2024-06-22 22:00:00,0.000000,4
86510000,2024-06-22 23:00:00,0.000000,4
86510000,2024-06-23 00:00:00,0.000000,4
86510000,2024-06-23 01:00:00,0.000000,4
86510000,2024-06-23 02:00:00,0.000000,4
86510000,2024-06-23 03:00:00,0.000000,4
86510000,2024-06-23 04:00:00,0.000000,4
86510000,2024-06-23 05:00:00,0.000000,4
86510000,2024-06-23 06:00:00,0.000000,4
86510000,2024-06-23 07:00:00,0.000000,4
86510000,2024-06-23 08:00:00,0.000000,4
86510000,2024-06-23 09:00:00,0.000000,4
86510000,2024-06-23 10:00:00,0.000000,4
86510000,2024-06-23 11:00:00,0.000000,4
86510000,2024-06-23 12:00:00,0.000000,4
86510000,2024-06-23 13:00:00,0.000000,4
86510000,2024-06-23 14:00:00,0.000000,4
86510000,2024-06-23 15:00:00,0.000000,4
86510000,2024-06-23 16:00:00,0.000000,4
86510000,2024-06-23 17:00:00,0.000000,4
86510000,2024-06-23 18:00:00,0.000000,4
86510000,2024-06-23 19:00:00,0.000000,4
86510000,2024-06-23 20:00:00,0.800000,4
86510000,2024-06-23 21:00:00,20.200000,4
86510000,2024-06-23 22:00:00,5.000000,4
86510000,2024-06-23 23:00:00,0.000000,4
86510000,2024-06-24 00:00:00,8.200000,4
86510000,2024-06-24 01:00:00,0.600000,4
86510000,2024-06-24 02:00:00,0.000000,4
86510000,2024-06-24 03:00:00,0.600000,4
86510000,2024-06-24 04:00:00,1.800000,4
86510000,2024-06-24 05:00:00,0.000000,4
86510000,2024-06-24 06:00:00,0.000000,4
86510000,2024-06-24 07:00:00,0.000000,4
86510000,2024-06-24 08:00:00,0.200000,4
86510000,2024-06-24 09:00:00,1.200000,4
86510000,2024-06-24 10:00:00,4.400000,4
86510000,2024-06-24 11:00:00,0.800000,4
86510000,2024-06-24 12:00:00,0.000000,4
86510000,2024-06-24 13:00:00,0.800000,4
86510000,2024-06-24 14:00:00,0.000000,4
86510000,2024-06-24 15:00:00,0.200000,4
86510000,2024-06-24 16:00:00,0.000000,4
86510000,2024-06-24 17:00:00,0.000000,4
86510000,2024-06-24 18:00:00,0.000000,4
86510000,2024-06-24 19:00:00,0.000000,4
86510000,2024-06-24 20:00:00,0.000000,4
86510000,2024-06-24 21:00:00,0.000000,4
86510000,2024-06-24 22:00:00,0.000000,4
86510000,2024-06-24 23:00:00,0.000000,4
86510000,2024-06-25 00:00:00,0.000000,4
86510000,2024-06-25 01:00:00,0.000000,4
86510000,2024-06-25 02:00:00,0.000000,4
86510000,2024-06-25 03:00:00,0.000000,4
86510000,2024-06-25 04:00:00,0.000000,4
86510000,2024-06-25 05:00:00,0.000000,4
86510000,2024-06-25 06:00:00,0.000000,4
86510000,2024-06-25 07:00:00,0.000000,4
86510000,2024-06-25 08:00:00,0.000000,4
86510000,2024-06-25 09:00:00,0.000000,4
86510000,2024-06-25 10:00:00,0.000000,4
86510000,2024-06-25 11:00:00,0.000000,4
86510000,2024-06-25 12:00:00,0.000000,4
86510000,2024-06-25 13:00:00,0.000000,4
86510000,2024-06-25 14:00:00,0.000000,4
86510000,2024-06-25 15:00:00,0.000000,4
86510000,2024-06-25 16:00:00,0.000000,4
86510000,2024-06-25 17:00:00,0.000000,4
86510000,2024-06-25 18:00:00,0.000000,4
86510000,2024-06-25 19:00:00,0.000000,4
86510000,2024-06-25 20:00:00,0.000000,4
86510000,2024-06-25 21:00:00,0.600000,4
86510000,2024-06-25 22:00:00,0.800000,4
86510000,2024-06-25 23:00:00,0.000000,4
