evento;usar;motivo;pico_data;pico_cm_catalogo;pico_cm_obs;inicio_cat;fim_cat;horas_cat;inicio_recorte;fim_recorte;horas_recorte;horas_antes;horas_depois
1;1;ok;2018-05-20 15:00:00;510.0;510.0;2018-05-19 11:00:00;2018-05-25 04:00:00;138;2018-05-20 07:00:00;2018-05-21 06:00:00;24;8;15
2;1;ok;2018-06-13 18:00:00;650.0;650.0;2018-06-12 20:00:00;2018-06-20 12:00:00;185;2018-06-13 05:00:00;2018-06-15 00:00:00;44;13;30
3;1;ok;2018-06-26 23:00:00;573.0;573.0;2018-06-25 14:00:00;2018-07-04 12:00:00;215;2018-06-26 11:00:00;2018-06-27 22:00:00;36;12;23
4;1;ok;2018-07-26 23:00:00;902.0;902.0;2018-07-12 08:00:00;2018-08-16 06:00:00;839;2018-07-25 22:00:00;2018-07-29 06:00:00;81;25;55
5;1;ok;2018-10-04 02:00:00;1166.0;1166.0;2018-08-21 09:00:00;2018-10-16 15:00:00;1351;2018-10-02 16:00:00;2018-10-06 12:00:00;93;34;58
6;1;ok;2018-11-01 10:00:00;966.0;966.0;2018-10-27 09:00:00;2018-11-14 07:00:00;431;2018-10-31 17:00:00;2018-11-03 07:00:00;63;17;45
7;1;ok;2018-12-01 07:00:00;686.0;686.0;2018-11-24 12:00:00;2018-12-05 08:00:00;261;2018-11-30 16:00:00;2018-12-03 01:00:00;58;15;42
8;1;ok;2019-05-29 06:00:00;807.0;807.0;2019-04-27 17:00:00;2019-06-13 01:00:00;1113;2019-05-26 06:00:00;2019-05-31 03:00:00;118;72;45
9;1;ok;2019-07-02 12:00:00;564.0;564.0;2019-07-01 04:00:00;2019-07-09 06:00:00;195;2019-07-01 20:00:00;2019-07-03 11:00:00;40;16;23
10;1;ok;2019-10-06 18:00:00;523.0;523.0;2019-10-05 03:00:00;2019-10-11 06:00:00;148;2019-10-06 07:00:00;2019-10-07 12:00:00;30;11;18
11;1;ok;2019-11-05 10:00:00;1432.0;1432.0;2019-10-15 02:00:00;2019-11-17 09:00:00;800;2019-11-02 10:00:00;2019-11-11 00:00:00;207;72;134
12;1;ok;2020-07-08 19:00:00;2211.0;2211.0;2020-06-30 08:00:00;2020-07-25 13:00:00;606;2020-07-06 00:00:00;2020-07-16 07:00:00;248;67;180
13;1;ok;2020-08-16 04:00:00;714.0;714.0;2020-08-12 15:00:00;2020-08-24 08:00:00;282;2020-08-15 02:00:00;2020-08-18 01:00:00;72;26;45
14;1;ok;2021-01-30 09:00:00;716.0;716.0;2021-01-23 04:00:00;2021-02-11 03:00:00;456;2021-01-29 11:00:00;2021-02-02 15:00:00;101;22;78
15;1;ok;2021-05-30 09:00:00;714.0;714.0;2021-05-22 18:00:00;2021-06-04 07:00:00;302;2021-05-29 01:00:00;2021-05-31 17:00:00;65;32;32
16;1;ok;2021-06-28 01:00:00;800.0;800.0;2021-06-09 21:00:00;2021-07-08 05:00:00;681;2021-06-27 03:00:00;2021-06-30 15:00:00;85;22;62
17;1;ok;2021-09-09 03:00:00;671.0;671.0;2021-09-07 20:00:00;2021-10-25 05:00:00;1138;2021-09-08 13:00:00;2021-09-10 18:00:00;54;14;39
18;1;ok;2022-05-04 06:00:00;1337.0;1337.0;2022-04-29 01:00:00;2022-07-26 06:00:00;2118;2022-05-01 13:00:00;2022-05-08 01:00:00;157;65;91
19;1;ok;2023-05-07 10:00:00;551.0;551.0;2023-05-04 05:00:00;2023-05-12 23:00:00;211;2023-05-06 10:00:00;2023-05-08 14:00:00;53;24;28
20;1;ok;2023-06-16 18:00:00;964.0;964.0;2023-06-15 17:00:00;2023-06-30 05:00:00;349;2023-06-15 20:00:00;2023-06-19 12:00:00;89;22;66
21;1;ok;2023-07-13 09:00:00;1458.0;1458.0;2023-07-08 02:00:00;2023-07-27 06:00:00;461;2023-07-10 09:00:00;2023-07-16 22:00:00;158;72;85
22;1;ok;2023-09-04 19:00:00;2118.0;2118.0;2023-09-03 14:00:00;2023-09-04 19:00:00;30;2023-09-04 00:00:00;2023-09-12 07:00:00;109;19;89
23;1;ok;2023-09-20 08:00:00;822.0;822.0;2023-09-08 15:00:00;2023-09-25 22:00:00;416;2023-09-19 19:00:00;2023-09-22 16:00:00;70;13;56
24;1;ok;2023-11-19 00:00:00;2299.0;2299.0;2023-10-02 18:00:00;2023-12-28 02:00:00;2073;2023-11-16 00:00:00;2023-11-25 23:00:00;240;72;167
25;1;ok;2024-01-19 16:00:00;698.0;698.0;2024-01-17 20:00:00;2024-02-03 10:00:00;399;2024-01-18 17:00:00;2024-01-21 06:00:00;62;23;38
26;1;ok;2024-04-14 20:00:00;625.0;625.0;2024-04-14 12:00:00;2024-04-23 07:00:00;212;2024-04-14 12:00:00;2024-04-15 18:00:00;31;8;22
27;1;ok;2024-05-02 08:00:00;2551.0;2551.0;2024-04-28 00:00:00;2024-06-13 01:00:00;1106;2024-04-29 16:00:00;2024-05-09 20:00:00;245;64;180
28;1;ok;2024-06-17 14:00:00;1765.0;1765.0;2024-06-16 08:00:00;2024-07-30 04:00:00;1053;2024-06-16 10:00:00;2024-06-25 02:00:00;209;28;180
29;1;ok;2024-08-24 17:00:00;509.0;509.0;2024-08-24 01:00:00;2024-08-30 18:00:00;162;2024-08-24 09:00:00;2024-08-25 08:00:00;24;8;15
30;1;ok;2024-10-12 17:00:00;742.0;742.0;2024-09-14 09:00:00;2024-10-26 17:00:00;1017;2024-10-11 20:00:00;2024-10-14 17:00:00;70;21;48
31;1;ok;2025-06-29 22:00:00;1499.0;1499.0;2025-06-16 00:00:00;2025-07-19 14:00:00;807;2025-06-28 19:00:00;2025-07-04 02:00:00;128;27;100
32;1;ok;2025-09-22 23:00:00;891.0;891.0;2025-09-02 02:00:00;2025-09-22 23:00:00;502;2025-09-22 03:00:00;2026-06-01 11:00:00;33;20;12
33;1;ok;2026-06-30 00:00:00;551.0;549.0;2026-06-29 10:00:00;2026-06-30 05:00:00;20;2026-06-29 05:00:00;2026-06-30 18:00:00;38;19;18
34;1;ok;2026-07-03 09:00:00;884.0;882.0;2026-07-02 13:00:00;2026-07-05 10:00:00;70;2026-07-02 07:00:00;2026-07-05 23:00:00;89;26;62
35;1;ok;2026-07-22 15:00:00;1981.0;1986.0;2026-07-21 20:00:00;2026-07-26 05:00:00;106;2026-07-21 15:00:00;2026-07-23 23:00:00;57;24;32
36;0;stub_2026_abaixo_ruido;2026-07-27 00:00:00;502.0;499.0;2026-07-27 00:00:00;2026-07-27 01:00:00;2;2026-07-24 00:00:00;2026-07-26 18:00:00;67;72;-6
37;1;ok;2026-07-29 18:00:00;1530.0;1528.0;2026-07-28 11:00:00;2026-08-02 09:00:00;119;2026-07-26 19:00:00;2026-07-31 00:00:00;102;71;30
38;0;stub_2026_abaixo_ruido;2026-08-03 01:00:00;506.0;505.0;2026-08-03 00:00:00;2026-08-03 02:00:00;3;2026-07-31 01:00:00;2026-08-03 15:00:00;87;72;14
